TRAIN NO,TRAIN NAME,SOURCE,DESTINATION,NO OF SEATS
1,Durgapur-Chennai Express,Durgapur,Chennai,419
2,Kharagpur-Nagpur Express,Kharagpur,Nagpur,521
3,Kharagpur-Guwahati Express,Kharagpur,Guwahati,489
4,Durgapur-Varanasi Express,Durgapur,Varanasi,600
5,Siliguri-Puri Express,Siliguri,Puri,333
6,Durgapur-Guwahati Express,Durgapur,Guwahati,489
7,Durgapur-Guwahati Express,Durgapur,Guwahati,311
8,Kharagpur-Varanasi Express,Kharagpur,Varanasi,541
9,Asansol-Mumbai Express,Asansol,Mumbai,373
10,Burdwan-Chennai Express,Burdwan,Chennai,528
11,Siliguri-Guwahati Express,Siliguri,Guwahati,353
12,Sealdah-Patna Express,Sealdah,Patna,486
13,Burdwan-Chennai Express,Burdwan,Chennai,449
14,Durgapur-Nagpur Express,Durgapur,Nagpur,462
15,Asansol-Patna Express,Asansol,Patna,433
16,Siliguri-Puri Express,Siliguri,Puri,511
17,Durgapur-Patna Express,Durgapur,Patna,416
18,Howrah-Puri Express,Howrah,Puri,555
19,Durgapur-Chennai Express,Durgapur,Chennai,542
20,Kharagpur-Delhi Express,Kharagpur,Delhi,327
21,Kharagpur-Varanasi Express,Kharagpur,Varanasi,568
22,Kolkata-Medinapore Express,Kolkata,Medinapore,380
23,Siliguri-Nagpur Express,Siliguri,Nagpur,319
24,Kolkata-Patna Express,Kolkata,Patna,596
25,Burdwan-Chennai Express,Burdwan,Chennai,303
26,Kolkata-Tatanagar Express,Kolkata,Tatanagar,402
27,Kharagpur-Medinapore Express,Kharagpur,Medinapore,533
28,Asansol-Nagpur Express,Asansol,Nagpur,598
29,Siliguri-Medinapore Express,Siliguri,Medinapore,577
30,Howrah-Mumbai Express,Howrah,Mumbai,370
31,Siliguri-Medinapore Express,Siliguri,Medinapore,583
32,Asansol-Medinapore Express,Asansol,Medinapore,356
33,Kolkata-Patna Express,Kolkata,Patna,457
34,Kharagpur-Patna Express,Kharagpur,Patna,349
35,Burdwan-Varanasi Express,Burdwan,Varanasi,354
36,Sealdah-Delhi Express,Sealdah,Delhi,368
37,Durgapur-Patna Express,Durgapur,Patna,365
38,Howrah-Puri Express,Howrah,Puri,390
39,Durgapur-Patna Express,Durgapur,Patna,523
40,Kharagpur-Mumbai Express,Kharagpur,Mumbai,310
41,Kolkata-Chennai Express,Kolkata,Chennai,484
42,Howrah-Mumbai Express,Howrah,Mumbai,444
43,Sealdah-Varanasi Express,Sealdah,Varanasi,587
44,Burdwan-Tatanagar Express,Burdwan,Tatanagar,308
45,Sealdah-Nagpur Express,Sealdah,Nagpur,393
46,Kolkata-Puri Express,Kolkata,Puri,352
47,Sealdah-Patna Express,Sealdah,Patna,386
48,Sealdah-Puri Express,Sealdah,Puri,597
49,Kharagpur-Medinapore Express,Kharagpur,Medinapore,484
50,Howrah-Patna Express,Howrah,Patna,366
51,Kharagpur-Guwahati Express,Kharagpur,Guwahati,476
52,Durgapur-Medinapore Express,Durgapur,Medinapore,531
53,Sealdah-Tatanagar Express,Sealdah,Tatanagar,446
54,Kolkata-Mumbai Express,Kolkata,Mumbai,304
55,Durgapur-Patna Express,Durgapur,Patna,367
56,Durgapur-Medinapore Express,Durgapur,Medinapore,300
57,Kharagpur-Mumbai Express,Kharagpur,Mumbai,316
58,Kolkata-Nagpur Express,Kolkata,Nagpur,487
59,Durgapur-Patna Express,Durgapur,Patna,503
60,Kolkata-Patna Express,Kolkata,Patna,576
61,Siliguri-Medinapore Express,Siliguri,Medinapore,408
62,Siliguri-Varanasi Express,Siliguri,Varanasi,375
63,Siliguri-Chennai Express,Siliguri,Chennai,301
64,Burdwan-Mumbai Express,Burdwan,Mumbai,308
65,Kharagpur-Mumbai Express,Kharagpur,Mumbai,453
66,Kolkata-Tatanagar Express,Kolkata,Tatanagar,555
67,Durgapur-Puri Express,Durgapur,Puri,442
68,Asansol-Varanasi Express,Asansol,Varanasi,487
69,Kharagpur-Tatanagar Express,Kharagpur,Tatanagar,517
70,Sealdah-Patna Express,Sealdah,Patna,494
71,Durgapur-Puri Express,Durgapur,Puri,415
72,Siliguri-Chennai Express,Siliguri,Chennai,456
73,Howrah-Medinapore Express,Howrah,Medinapore,367
74,Kharagpur-Patna Express,Kharagpur,Patna,579
75,Kolkata-Guwahati Express,Kolkata,Guwahati,479
76,Howrah-Delhi Express,Howrah,Delhi,462
77,Kharagpur-Delhi Express,Kharagpur,Delhi,459
78,Burdwan-Nagpur Express,Burdwan,Nagpur,468
79,Sealdah-Mumbai Express,Sealdah,Mumbai,487
80,Durgapur-Tatanagar Express,Durgapur,Tatanagar,427
81,Kharagpur-Chennai Express,Kharagpur,Chennai,529
82,Howrah-Medinapore Express,Howrah,Medinapore,481
83,Kolkata-Varanasi Express,Kolkata,Varanasi,441
84,Asansol-Puri Express,Asansol,Puri,569
85,Kharagpur-Guwahati Express,Kharagpur,Guwahati,421
86,Kolkata-Mumbai Express,Kolkata,Mumbai,574
87,Kharagpur-Mumbai Express,Kharagpur,Mumbai,417
88,Siliguri-Puri Express,Siliguri,Puri,409
89,Durgapur-Delhi Express,Durgapur,Delhi,428
90,Asansol-Guwahati Express,Asansol,Guwahati,455
91,Burdwan-Delhi Express,Burdwan,Delhi,336
92,Kharagpur-Varanasi Express,Kharagpur,Varanasi,437
93,Durgapur-Mumbai Express,Durgapur,Mumbai,477
94,Howrah-Chennai Express,Howrah,Chennai,539
95,Kharagpur-Mumbai Express,Kharagpur,Mumbai,495
96,Howrah-Medinapore Express,Howrah,Medinapore,340
97,Howrah-Mumbai Express,Howrah,Mumbai,393
98,Burdwan-Guwahati Express,Burdwan,Guwahati,349
99,Sealdah-Puri Express,Sealdah,Puri,325
100,Kharagpur-Delhi Express,Kharagpur,Delhi,367
101,Kolkata-Varanasi Express,Kolkata,Varanasi,309
102,Burdwan-Mumbai Express,Burdwan,Mumbai,383
103,Sealdah-Puri Express,Sealdah,Puri,599
104,Sealdah-Tatanagar Express,Sealdah,Tatanagar,525
105,Durgapur-Puri Express,Durgapur,Puri,568
106,Kharagpur-Guwahati Express,Kharagpur,Guwahati,495
107,Durgapur-Medinapore Express,Durgapur,Medinapore,483
108,Howrah-Patna Express,Howrah,Patna,563
109,Howrah-Delhi Express,Howrah,Delhi,508
110,Sealdah-Mumbai Express,Sealdah,Mumbai,344
111,Siliguri-Medinapore Express,Siliguri,Medinapore,515
112,Kharagpur-Puri Express,Kharagpur,Puri,522
113,Sealdah-Puri Express,Sealdah,Puri,557
114,Howrah-Tatanagar Express,Howrah,Tatanagar,475
115,Asansol-Guwahati Express,Asansol,Guwahati,555
116,Siliguri-Patna Express,Siliguri,Patna,437
117,Siliguri-Patna Express,Siliguri,Patna,562
118,Sealdah-Nagpur Express,Sealdah,Nagpur,353
119,Asansol-Varanasi Express,Asansol,Varanasi,580
120,Kharagpur-Patna Express,Kharagpur,Patna,419
121,Howrah-Patna Express,Howrah,Patna,353
122,Kolkata-Medinapore Express,Kolkata,Medinapore,348
123,Sealdah-Medinapore Express,Sealdah,Medinapore,569
124,Sealdah-Varanasi Express,Sealdah,Varanasi,348
125,Howrah-Delhi Express,Howrah,Delhi,549
126,Durgapur-Guwahati Express,Durgapur,Guwahati,345
127,Siliguri-Medinapore Express,Siliguri,Medinapore,599
128,Burdwan-Delhi Express,Burdwan,Delhi,534
129,Sealdah-Delhi Express,Sealdah,Delhi,341
130,Durgapur-Nagpur Express,Durgapur,Nagpur,328
131,Asansol-Varanasi Express,Asansol,Varanasi,345
132,Asansol-Chennai Express,Asansol,Chennai,453
133,Howrah-Chennai Express,Howrah,Chennai,438
134,Howrah-Delhi Express,Howrah,Delhi,335
135,Asansol-Nagpur Express,Asansol,Nagpur,371
136,Sealdah-Chennai Express,Sealdah,Chennai,600
137,Durgapur-Varanasi Express,Durgapur,Varanasi,547
138,Kolkata-Tatanagar Express,Kolkata,Tatanagar,371
139,Burdwan-Delhi Express,Burdwan,Delhi,481
140,Burdwan-Patna Express,Burdwan,Patna,597
141,Howrah-Nagpur Express,Howrah,Nagpur,431
142,Burdwan-Patna Express,Burdwan,Patna,319
143,Burdwan-Tatanagar Express,Burdwan,Tatanagar,333
144,Durgapur-Mumbai Express,Durgapur,Mumbai,308
145,Asansol-Patna Express,Asansol,Patna,320
146,Kharagpur-Varanasi Express,Kharagpur,Varanasi,395
147,Asansol-Guwahati Express,Asansol,Guwahati,552
148,Burdwan-Patna Express,Burdwan,Patna,422
149,Kolkata-Patna Express,Kolkata,Patna,581
150,Kharagpur-Puri Express,Kharagpur,Puri,364
151,Howrah-Nagpur Express,Howrah,Nagpur,354
152,Kharagpur-Tatanagar Express,Kharagpur,Tatanagar,550
153,Kolkata-Puri Express,Kolkata,Puri,575
154,Kolkata-Varanasi Express,Kolkata,Varanasi,535
155,Kolkata-Chennai Express,Kolkata,Chennai,600
156,Sealdah-Delhi Express,Sealdah,Delhi,321
157,Asansol-Puri Express,Asansol,Puri,426
158,Asansol-Tatanagar Express,Asansol,Tatanagar,343
159,Kolkata-Patna Express,Kolkata,Patna,428
160,Siliguri-Guwahati Express,Siliguri,Guwahati,504
161,Kharagpur-Delhi Express,Kharagpur,Delhi,490
162,Asansol-Guwahati Express,Asansol,Guwahati,353
163,Durgapur-Varanasi Express,Durgapur,Varanasi,560
164,Kharagpur-Puri Express,Kharagpur,Puri,453
165,Burdwan-Mumbai Express,Burdwan,Mumbai,382
166,Kharagpur-Tatanagar Express,Kharagpur,Tatanagar,551
167,Asansol-Medinapore Express,Asansol,Medinapore,561
168,Asansol-Mumbai Express,Asansol,Mumbai,505
169,Kharagpur-Delhi Express,Kharagpur,Delhi,351
170,Siliguri-Guwahati Express,Siliguri,Guwahati,468
171,Burdwan-Guwahati Express,Burdwan,Guwahati,410
172,Durgapur-Chennai Express,Durgapur,Chennai,445
173,Siliguri-Puri Express,Siliguri,Puri,532
174,Siliguri-Guwahati Express,Siliguri,Guwahati,521
175,Siliguri-Nagpur Express,Siliguri,Nagpur,518
176,Kharagpur-Medinapore Express,Kharagpur,Medinapore,385
177,Siliguri-Patna Express,Siliguri,Patna,356
178,Sealdah-Medinapore Express,Sealdah,Medinapore,600
179,Siliguri-Guwahati Express,Siliguri,Guwahati,413
180,Kharagpur-Medinapore Express,Kharagpur,Medinapore,594
181,Burdwan-Medinapore Express,Burdwan,Medinapore,345
182,Durgapur-Puri Express,Durgapur,Puri,494
183,Durgapur-Chennai Express,Durgapur,Chennai,361
184,Siliguri-Mumbai Express,Siliguri,Mumbai,399
185,Asansol-Patna Express,Asansol,Patna,525
186,Durgapur-Mumbai Express,Durgapur,Mumbai,523
187,Howrah-Guwahati Express,Howrah,Guwahati,359
188,Sealdah-Mumbai Express,Sealdah,Mumbai,561
189,Kharagpur-Guwahati Express,Kharagpur,Guwahati,512
190,Siliguri-Medinapore Express,Siliguri,Medinapore,573
191,Kharagpur-Delhi Express,Kharagpur,Delhi,343
192,Siliguri-Mumbai Express,Siliguri,Mumbai,495
193,Kharagpur-Chennai Express,Kharagpur,Chennai,389
194,Asansol-Medinapore Express,Asansol,Medinapore,418
195,Kharagpur-Nagpur Express,Kharagpur,Nagpur,475
196,Burdwan-Tatanagar Express,Burdwan,Tatanagar,509
197,Howrah-Varanasi Express,Howrah,Varanasi,347
198,Howrah-Chennai Express,Howrah,Chennai,579
199,Burdwan-Delhi Express,Burdwan,Delhi,422
200,Siliguri-Patna Express,Siliguri,Patna,335
201,Howrah-Chennai Express,Howrah,Chennai,462
202,Asansol-Puri Express,Asansol,Puri,574
203,Howrah-Patna Express,Howrah,Patna,386
204,Durgapur-Guwahati Express,Durgapur,Guwahati,320
205,Kolkata-Guwahati Express,Kolkata,Guwahati,530
206,Howrah-Chennai Express,Howrah,Chennai,361
207,Sealdah-Chennai Express,Sealdah,Chennai,344
208,Durgapur-Medinapore Express,Durgapur,Medinapore,315
209,Durgapur-Medinapore Express,Durgapur,Medinapore,507
210,Durgapur-Guwahati Express,Durgapur,Guwahati,525
211,Asansol-Nagpur Express,Asansol,Nagpur,322
212,Howrah-Nagpur Express,Howrah,Nagpur,577
213,Kolkata-Delhi Express,Kolkata,Delhi,511
214,Asansol-Guwahati Express,Asansol,Guwahati,403
215,Howrah-Delhi Express,Howrah,Delhi,435
216,Kolkata-Varanasi Express,Kolkata,Varanasi,447
217,Durgapur-Nagpur Express,Durgapur,Nagpur,483
218,Asansol-Chennai Express,Asansol,Chennai,344
219,Howrah-Medinapore Express,Howrah,Medinapore,457
220,Kolkata-Nagpur Express,Kolkata,Nagpur,503
221,Siliguri-Delhi Express,Siliguri,Delhi,414
222,Asansol-Nagpur Express,Asansol,Nagpur,501
223,Asansol-Varanasi Express,Asansol,Varanasi,385
224,Howrah-Puri Express,Howrah,Puri,322
225,Durgapur-Delhi Express,Durgapur,Delhi,464
226,Kolkata-Mumbai Express,Kolkata,Mumbai,388
227,Howrah-Guwahati Express,Howrah,Guwahati,370
228,Kolkata-Mumbai Express,Kolkata,Mumbai,448
229,Siliguri-Guwahati Express,Siliguri,Guwahati,452
230,Kolkata-Puri Express,Kolkata,Puri,420
231,Howrah-Mumbai Express,Howrah,Mumbai,421
232,Siliguri-Mumbai Express,Siliguri,Mumbai,583
233,Sealdah-Varanasi Express,Sealdah,Varanasi,455
234,Sealdah-Nagpur Express,Sealdah,Nagpur,479
235,Kharagpur-Patna Express,Kharagpur,Patna,434
236,Sealdah-Medinapore Express,Sealdah,Medinapore,459
237,Howrah-Patna Express,Howrah,Patna,336
238,Durgapur-Mumbai Express,Durgapur,Mumbai,485
239,Siliguri-Mumbai Express,Siliguri,Mumbai,335
240,Sealdah-Patna Express,Sealdah,Patna,470
241,Asansol-Puri Express,Asansol,Puri,494
242,Asansol-Varanasi Express,Asansol,Varanasi,476
243,Kharagpur-Delhi Express,Kharagpur,Delhi,355
244,Siliguri-Mumbai Express,Siliguri,Mumbai,511
245,Howrah-Delhi Express,Howrah,Delhi,384
246,Siliguri-Tatanagar Express,Siliguri,Tatanagar,510
247,Siliguri-Mumbai Express,Siliguri,Mumbai,390
248,Burdwan-Varanasi Express,Burdwan,Varanasi,521
249,Durgapur-Puri Express,Durgapur,Puri,308
250,Sealdah-Guwahati Express,Sealdah,Guwahati,575
251,Durgapur-Chennai Express,Durgapur,Chennai,366
252,Siliguri-Nagpur Express,Siliguri,Nagpur,333
253,Kolkata-Varanasi Express,Kolkata,Varanasi,312
254,Kharagpur-Varanasi Express,Kharagpur,Varanasi,570
255,Kharagpur-Delhi Express,Kharagpur,Delhi,337
256,Sealdah-Medinapore Express,Sealdah,Medinapore,507
257,Sealdah-Puri Express,Sealdah,Puri,414
258,Durgapur-Medinapore Express,Durgapur,Medinapore,595
259,Kharagpur-Medinapore Express,Kharagpur,Medinapore,460
260,Howrah-Puri Express,Howrah,Puri,413
261,Kolkata-Patna Express,Kolkata,Patna,453
262,Burdwan-Mumbai Express,Burdwan,Mumbai,588
263,Kharagpur-Nagpur Express,Kharagpur,Nagpur,527
264,Sealdah-Mumbai Express,Sealdah,Mumbai,471
265,Asansol-Chennai Express,Asansol,Chennai,533
266,Kolkata-Puri Express,Kolkata,Puri,501
267,Sealdah-Patna Express,Sealdah,Patna,577
268,Howrah-Delhi Express,Howrah,Delhi,533
269,Sealdah-Mumbai Express,Sealdah,Mumbai,527
270,Durgapur-Delhi Express,Durgapur,Delhi,475
271,Kharagpur-Medinapore Express,Kharagpur,Medinapore,572
272,Burdwan-Guwahati Express,Burdwan,Guwahati,413
273,Kharagpur-Puri Express,Kharagpur,Puri,448
274,Durgapur-Tatanagar Express,Durgapur,Tatanagar,519
275,Asansol-Tatanagar Express,Asansol,Tatanagar,570
276,Asansol-Delhi Express,Asansol,Delhi,383
277,Kolkata-Varanasi Express,Kolkata,Varanasi,566
278,Siliguri-Chennai Express,Siliguri,Chennai,532
279,Siliguri-Mumbai Express,Siliguri,Mumbai,541
280,Durgapur-Nagpur Express,Durgapur,Nagpur,433
281,Asansol-Guwahati Express,Asansol,Guwahati,496
282,Burdwan-Delhi Express,Burdwan,Delhi,340
283,Durgapur-Patna Express,Durgapur,Patna,315
284,Kharagpur-Chennai Express,Kharagpur,Chennai,523
285,Kolkata-Chennai Express,Kolkata,Chennai,303
286,Howrah-Guwahati Express,Howrah,Guwahati,439
287,Durgapur-Varanasi Express,Durgapur,Varanasi,383
288,Sealdah-Puri Express,Sealdah,Puri,476
289,Kharagpur-Delhi Express,Kharagpur,Delhi,587
290,Howrah-Puri Express,Howrah,Puri,549
291,Asansol-Nagpur Express,Asansol,Nagpur,478
292,Howrah-Varanasi Express,Howrah,Varanasi,595
293,Burdwan-Puri Express,Burdwan,Puri,381
294,Sealdah-Puri Express,Sealdah,Puri,505
295,Kolkata-Delhi Express,Kolkata,Delhi,539
296,Howrah-Delhi Express,Howrah,Delhi,431
297,Kharagpur-Chennai Express,Kharagpur,Chennai,383
298,Siliguri-Chennai Express,Siliguri,Chennai,600
299,Burdwan-Patna Express,Burdwan,Patna,324
300,Burdwan-Varanasi Express,Burdwan,Varanasi,521
301,Kolkata-Guwahati Express,Kolkata,Guwahati,565
302,Asansol-Puri Express,Asansol,Puri,465
303,Durgapur-Delhi Express,Durgapur,Delhi,556
304,Siliguri-Chennai Express,Siliguri,Chennai,481
305,Howrah-Chennai Express,Howrah,Chennai,388
306,Burdwan-Puri Express,Burdwan,Puri,304
307,Kharagpur-Tatanagar Express,Kharagpur,Tatanagar,369
308,Kharagpur-Patna Express,Kharagpur,Patna,585
309,Sealdah-Puri Express,Sealdah,Puri,571
310,Kharagpur-Mumbai Express,Kharagpur,Mumbai,501
311,Siliguri-Nagpur Express,Siliguri,Nagpur,312
312,Siliguri-Medinapore Express,Siliguri,Medinapore,431
313,Asansol-Varanasi Express,Asansol,Varanasi,402
314,Asansol-Mumbai Express,Asansol,Mumbai,377
315,Burdwan-Nagpur Express,Burdwan,Nagpur,562
316,Siliguri-Mumbai Express,Siliguri,Mumbai,397
317,Asansol-Puri Express,Asansol,Puri,534
318,Sealdah-Delhi Express,Sealdah,Delhi,370
319,Howrah-Tatanagar Express,Howrah,Tatanagar,450
320,Kolkata-Mumbai Express,Kolkata,Mumbai,425
321,Kolkata-Delhi Express,Kolkata,Delhi,452
322,Siliguri-Delhi Express,Siliguri,Delhi,390
323,Sealdah-Medinapore Express,Sealdah,Medinapore,433
324,Sealdah-Guwahati Express,Sealdah,Guwahati,532
325,Kharagpur-Guwahati Express,Kharagpur,Guwahati,543
326,Burdwan-Varanasi Express,Burdwan,Varanasi,462
327,Howrah-Patna Express,Howrah,Patna,342
328,Sealdah-Nagpur Express,Sealdah,Nagpur,592
329,Asansol-Nagpur Express,Asansol,Nagpur,427
330,Kolkata-Delhi Express,Kolkata,Delhi,570
331,Howrah-Nagpur Express,Howrah,Nagpur,433
332,Kharagpur-Puri Express,Kharagpur,Puri,454
333,Burdwan-Puri Express,Burdwan,Puri,331
334,Howrah-Patna Express,Howrah,Patna,337
335,Kolkata-Medinapore Express,Kolkata,Medinapore,392
336,Kharagpur-Delhi Express,Kharagpur,Delhi,446
337,Kolkata-Puri Express,Kolkata,Puri,572
338,Sealdah-Mumbai Express,Sealdah,Mumbai,570
339,Siliguri-Delhi Express,Siliguri,Delhi,508
340,Burdwan-Mumbai Express,Burdwan,Mumbai,458
341,Kolkata-Guwahati Express,Kolkata,Guwahati,386
342,Durgapur-Guwahati Express,Durgapur,Guwahati,448
343,Durgapur-Patna Express,Durgapur,Patna,439
344,Sealdah-Delhi Express,Sealdah,Delhi,364
345,Howrah-Guwahati Express,Howrah,Guwahati,590
346,Burdwan-Varanasi Express,Burdwan,Varanasi,471
347,Kolkata-Mumbai Express,Kolkata,Mumbai,315
348,Sealdah-Chennai Express,Sealdah,Chennai,585
349,Kolkata-Patna Express,Kolkata,Patna,463
350,Siliguri-Varanasi Express,Siliguri,Varanasi,311
351,Burdwan-Guwahati Express,Burdwan,Guwahati,552
352,Asansol-Chennai Express,Asansol,Chennai,426
353,Kolkata-Delhi Express,Kolkata,Delhi,521
354,Howrah-Mumbai Express,Howrah,Mumbai,486
355,Siliguri-Nagpur Express,Siliguri,Nagpur,487
356,Asansol-Guwahati Express,Asansol,Guwahati,520
357,Durgapur-Chennai Intercity,Durgapur,Chennai,424
358,Durgapur-Chennai Superfast,Durgapur,Chennai,447
359,Durgapur-Chennai Mail,Durgapur,Chennai,426
360,Durgapur-Chennai Passenger,Durgapur,Chennai,432
361,Kharagpur-Nagpur Intercity,Kharagpur,Nagpur,518
362,Kharagpur-Nagpur Superfast,Kharagpur,Nagpur,500
363,Kharagpur-Nagpur Mail,Kharagpur,Nagpur,514
364,Kharagpur-Nagpur Passenger,Kharagpur,Nagpur,524
365,Kharagpur-Guwahati Intercity,Kharagpur,Guwahati,496
366,Kharagpur-Guwahati Superfast,Kharagpur,Guwahati,480
367,Kharagpur-Guwahati Mail,Kharagpur,Guwahati,460
368,Kharagpur-Guwahati Passenger,Kharagpur,Guwahati,471
369,Durgapur-Varanasi Intercity,Durgapur,Varanasi,612
370,Durgapur-Varanasi Superfast,Durgapur,Varanasi,604
371,Durgapur-Varanasi Mail,Durgapur,Varanasi,618
372,Durgapur-Varanasi Passenger,Durgapur,Varanasi,625
373,Siliguri-Puri Intercity,Siliguri,Puri,303
374,Siliguri-Puri Superfast,Siliguri,Puri,323
375,Siliguri-Puri Mail,Siliguri,Puri,328
376,Siliguri-Puri Passenger,Siliguri,Puri,344
377,Durgapur-Guwahati Intercity,Durgapur,Guwahati,476
378,Durgapur-Guwahati Superfast,Durgapur,Guwahati,508
379,Durgapur-Guwahati Mail,Durgapur,Guwahati,477
380,Durgapur-Guwahati Passenger,Durgapur,Guwahati,495
381,Durgapur-Guwahati Intercity,Durgapur,Guwahati,322
382,Durgapur-Guwahati Superfast,Durgapur,Guwahati,312
383,Durgapur-Guwahati Mail,Durgapur,Guwahati,300
384,Durgapur-Guwahati Passenger,Durgapur,Guwahati,284
385,Kharagpur-Varanasi Intercity,Kharagpur,Varanasi,539
386,Kharagpur-Varanasi Superfast,Kharagpur,Varanasi,530
387,Kharagpur-Varanasi Mail,Kharagpur,Varanasi,518
388,Kharagpur-Varanasi Passenger,Kharagpur,Varanasi,533
389,Asansol-Mumbai Intercity,Asansol,Mumbai,362
390,Asansol-Mumbai Superfast,Asansol,Mumbai,373
391,Asansol-Mumbai Mail,Asansol,Mumbai,394
392,Asansol-Mumbai Passenger,Asansol,Mumbai,367
393,Burdwan-Chennai Intercity,Burdwan,Chennai,512
394,Burdwan-Chennai Superfast,Burdwan,Chennai,514
395,Burdwan-Chennai Mail,Burdwan,Chennai,511
396,Burdwan-Chennai Passenger,Burdwan,Chennai,557
397,Siliguri-Guwahati Intercity,Siliguri,Guwahati,326
398,Siliguri-Guwahati Superfast,Siliguri,Guwahati,343
399,Siliguri-Guwahati Mail,Siliguri,Guwahati,367
400,Siliguri-Guwahati Passenger,Siliguri,Guwahati,335
401,Sealdah-Patna Intercity,Sealdah,Patna,488
402,Sealdah-Patna Superfast,Sealdah,Patna,491
403,Sealdah-Patna Mail,Sealdah,Patna,513
404,Sealdah-Patna Passenger,Sealdah,Patna,466
405,Burdwan-Chennai Intercity,Burdwan,Chennai,436
406,Burdwan-Chennai Superfast,Burdwan,Chennai,463
407,Burdwan-Chennai Mail,Burdwan,Chennai,425
408,Burdwan-Chennai Passenger,Burdwan,Chennai,436
409,Durgapur-Nagpur Intercity,Durgapur,Nagpur,472
410,Durgapur-Nagpur Superfast,Durgapur,Nagpur,470
411,Durgapur-Nagpur Mail,Durgapur,Nagpur,473
412,Durgapur-Nagpur Passenger,Durgapur,Nagpur,467
413,Asansol-Patna Intercity,Asansol,Patna,452
414,Asansol-Patna Superfast,Asansol,Patna,436
415,Asansol-Patna Mail,Asansol,Patna,448
416,Asansol-Patna Passenger,Asansol,Patna,421
417,Siliguri-Puri Intercity,Siliguri,Puri,491
418,Siliguri-Puri Superfast,Siliguri,Puri,517
419,Siliguri-Puri Mail,Siliguri,Puri,528
420,Siliguri-Puri Passenger,Siliguri,Puri,512
421,Durgapur-Patna Intercity,Durgapur,Patna,418
422,Durgapur-Patna Superfast,Durgapur,Patna,397
423,Durgapur-Patna Mail,Durgapur,Patna,442
424,Durgapur-Patna Passenger,Durgapur,Patna,412
425,Howrah-Puri Intercity,Howrah,Puri,574
426,Howrah-Puri Superfast,Howrah,Puri,571
427,Howrah-Puri Mail,Howrah,Puri,549
428,Howrah-Puri Passenger,Howrah,Puri,540
429,Durgapur-Chennai Intercity,Durgapur,Chennai,532
430,Durgapur-Chennai Superfast,Durgapur,Chennai,565
431,Durgapur-Chennai Mail,Durgapur,Chennai,532
432,Durgapur-Chennai Passenger,Durgapur,Chennai,537
433,Kharagpur-Delhi Intercity,Kharagpur,Delhi,355
434,Kharagpur-Delhi Superfast,Kharagpur,Delhi,347
435,Kharagpur-Delhi Mail,Kharagpur,Delhi,308
436,Kharagpur-Delhi Passenger,Kharagpur,Delhi,299
437,Kharagpur-Varanasi Intercity,Kharagpur,Varanasi,583
438,Kharagpur-Varanasi Superfast,Kharagpur,Varanasi,585
439,Kharagpur-Varanasi Mail,Kharagpur,Varanasi,566
440,Kharagpur-Varanasi Passenger,Kharagpur,Varanasi,551
441,Kolkata-Medinapore Intercity,Kolkata,Medinapore,399
442,Kolkata-Medinapore Superfast,Kolkata,Medinapore,364
443,Kolkata-Medinapore Mail,Kolkata,Medinapore,406
444,Kolkata-Medinapore Passenger,Kolkata,Medinapore,369
445,Siliguri-Nagpur Intercity,Siliguri,Nagpur,335
446,Siliguri-Nagpur Superfast,Siliguri,Nagpur,349
447,Siliguri-Nagpur Mail,Siliguri,Nagpur,336
448,Siliguri-Nagpur Passenger,Siliguri,Nagpur,325
449,Kolkata-Patna Intercity,Kolkata,Patna,569
450,Kolkata-Patna Superfast,Kolkata,Patna,569
451,Kolkata-Patna Mail,Kolkata,Patna,572
452,Kolkata-Patna Passenger,Kolkata,Patna,587
453,Burdwan-Chennai Intercity,Burdwan,Chennai,321
454,Burdwan-Chennai Superfast,Burdwan,Chennai,313
455,Burdwan-Chennai Mail,Burdwan,Chennai,287
456,Burdwan-Chennai Passenger,Burdwan,Chennai,292
457,Kolkata-Tatanagar Intercity,Kolkata,Tatanagar,406
458,Kolkata-Tatanagar Superfast,Kolkata,Tatanagar,405
459,Kolkata-Tatanagar Mail,Kolkata,Tatanagar,377
460,Kolkata-Tatanagar Passenger,Kolkata,Tatanagar,378
461,Kharagpur-Medinapore Intercity,Kharagpur,Medinapore,557
462,Kharagpur-Medinapore Superfast,Kharagpur,Medinapore,541
463,Kharagpur-Medinapore Mail,Kharagpur,Medinapore,504
464,Kharagpur-Medinapore Passenger,Kharagpur,Medinapore,558
465,Asansol-Nagpur Intercity,Asansol,Nagpur,568
466,Asansol-Nagpur Superfast,Asansol,Nagpur,579
467,Asansol-Nagpur Mail,Asansol,Nagpur,620
468,Asansol-Nagpur Passenger,Asansol,Nagpur,584
469,Siliguri-Medinapore Intercity,Siliguri,Medinapore,563
470,Siliguri-Medinapore Superfast,Siliguri,Medinapore,607
471,Siliguri-Medinapore Mail,Siliguri,Medinapore,573
472,Siliguri-Medinapore Passenger,Siliguri,Medinapore,587
473,Howrah-Mumbai Intercity,Howrah,Mumbai,365
474,Howrah-Mumbai Superfast,Howrah,Mumbai,381
475,Howrah-Mumbai Mail,Howrah,Mumbai,355
476,Howrah-Mumbai Passenger,Howrah,Mumbai,348
477,Siliguri-Medinapore Intercity,Siliguri,Medinapore,568
478,Siliguri-Medinapore Superfast,Siliguri,Medinapore,604
479,Siliguri-Medinapore Mail,Siliguri,Medinapore,594
480,Siliguri-Medinapore Passenger,Siliguri,Medinapore,577
481,Asansol-Medinapore Intercity,Asansol,Medinapore,335
482,Asansol-Medinapore Superfast,Asansol,Medinapore,344
483,Asansol-Medinapore Mail,Asansol,Medinapore,375
484,Asansol-Medinapore Passenger,Asansol,Medinapore,337
485,Kolkata-Patna Intercity,Kolkata,Patna,448
486,Kolkata-Patna Superfast,Kolkata,Patna,446
487,Kolkata-Patna Mail,Kolkata,Patna,435
488,Kolkata-Patna Passenger,Kolkata,Patna,427
489,Kharagpur-Patna Intercity,Kharagpur,Patna,355
490,Kharagpur-Patna Superfast,Kharagpur,Patna,328
491,Kharagpur-Patna Mail,Kharagpur,Patna,353
492,Kharagpur-Patna Passenger,Kharagpur,Patna,378
493,Burdwan-Varanasi Intercity,Burdwan,Varanasi,344
494,Burdwan-Varanasi Superfast,Burdwan,Varanasi,348
495,Burdwan-Varanasi Mail,Burdwan,Varanasi,349
496,Burdwan-Varanasi Passenger,Burdwan,Varanasi,338
497,Sealdah-Delhi Intercity,Sealdah,Delhi,347
498,Sealdah-Delhi Superfast,Sealdah,Delhi,338
499,Sealdah-Delhi Mail,Sealdah,Delhi,393
500,Sealdah-Delhi Passenger,Sealdah,Delhi,341
501,Durgapur-Patna Intercity,Durgapur,Patna,393
502,Durgapur-Patna Superfast,Durgapur,Patna,349
503,Durgapur-Patna Mail,Durgapur,Patna,343
504,Durgapur-Patna Passenger,Durgapur,Patna,389
505,Howrah-Puri Intercity,Howrah,Puri,405
506,Howrah-Puri Superfast,Howrah,Puri,383
507,Howrah-Puri Mail,Howrah,Puri,406
508,Howrah-Puri Passenger,Howrah,Puri,407
509,Durgapur-Patna Intercity,Durgapur,Patna,526
510,Durgapur-Patna Superfast,Durgapur,Patna,532
511,Durgapur-Patna Mail,Durgapur,Patna,499
512,Durgapur-Patna Passenger,Durgapur,Patna,496
513,Kharagpur-Mumbai Intercity,Kharagpur,Mumbai,338
514,Kharagpur-Mumbai Superfast,Kharagpur,Mumbai,315
515,Kharagpur-Mumbai Mail,Kharagpur,Mumbai,291
516,Kharagpur-Mumbai Passenger,Kharagpur,Mumbai,284
517,Kolkata-Chennai Intercity,Kolkata,Chennai,470
518,Kolkata-Chennai Superfast,Kolkata,Chennai,487
519,Kolkata-Chennai Mail,Kolkata,Chennai,493
520,Kolkata-Chennai Passenger,Kolkata,Chennai,477
521,Howrah-Mumbai Intercity,Howrah,Mumbai,423
522,Howrah-Mumbai Superfast,Howrah,Mumbai,430
523,Howrah-Mumbai Mail,Howrah,Mumbai,429
524,Howrah-Mumbai Passenger,Howrah,Mumbai,455
525,Sealdah-Varanasi Intercity,Sealdah,Varanasi,591
526,Sealdah-Varanasi Superfast,Sealdah,Varanasi,598
527,Sealdah-Varanasi Mail,Sealdah,Varanasi,585
528,Sealdah-Varanasi Passenger,Sealdah,Varanasi,575
529,Burdwan-Tatanagar Intercity,Burdwan,Tatanagar,308
530,Burdwan-Tatanagar Superfast,Burdwan,Tatanagar,292
531,Burdwan-Tatanagar Mail,Burdwan,Tatanagar,321
532,Burdwan-Tatanagar Passenger,Burdwan,Tatanagar,316
533,Sealdah-Nagpur Intercity,Sealdah,Nagpur,370
534,Sealdah-Nagpur Superfast,Sealdah,Nagpur,411
535,Sealdah-Nagpur Mail,Sealdah,Nagpur,385
536,Sealdah-Nagpur Passenger,Sealdah,Nagpur,397
537,Kolkata-Puri Intercity,Kolkata,Puri,368
538,Kolkata-Puri Superfast,Kolkata,Puri,330
539,Kolkata-Puri Mail,Kolkata,Puri,322
540,Kolkata-Puri Passenger,Kolkata,Puri,331
541,Sealdah-Patna Intercity,Sealdah,Patna,362
542,Sealdah-Patna Superfast,Sealdah,Patna,387
543,Sealdah-Patna Mail,Sealdah,Patna,380
544,Sealdah-Patna Passenger,Sealdah,Patna,359
545,Sealdah-Puri Intercity,Sealdah,Puri,572
546,Sealdah-Puri Superfast,Sealdah,Puri,593
547,Sealdah-Puri Mail,Sealdah,Puri,572
548,Sealdah-Puri Passenger,Sealdah,Puri,603
549,Kharagpur-Medinapore Intercity,Kharagpur,Medinapore,457
550,Kharagpur-Medinapore Superfast,Kharagpur,Medinapore,454
551,Kharagpur-Medinapore Mail,Kharagpur,Medinapore,480
552,Kharagpur-Medinapore Passenger,Kharagpur,Medinapore,487
553,Howrah-Patna Intercity,Howrah,Patna,365
554,Howrah-Patna Superfast,Howrah,Patna,367
555,Howrah-Patna Mail,Howrah,Patna,337
556,Howrah-Patna Passenger,Howrah,Patna,381
557,Kharagpur-Guwahati Intercity,Kharagpur,Guwahati,483
558,Kharagpur-Guwahati Superfast,Kharagpur,Guwahati,453
559,Kharagpur-Guwahati Mail,Kharagpur,Guwahati,452
560,Kharagpur-Guwahati Passenger,Kharagpur,Guwahati,459
561,Durgapur-Medinapore Intercity,Durgapur,Medinapore,559
562,Durgapur-Medinapore Superfast,Durgapur,Medinapore,544
563,Durgapur-Medinapore Mail,Durgapur,Medinapore,543
564,Durgapur-Medinapore Passenger,Durgapur,Medinapore,512
565,Sealdah-Tatanagar Intercity,Sealdah,Tatanagar,428
566,Sealdah-Tatanagar Superfast,Sealdah,Tatanagar,472
567,Sealdah-Tatanagar Mail,Sealdah,Tatanagar,476
568,Sealdah-Tatanagar Passenger,Sealdah,Tatanagar,476
569,Kolkata-Mumbai Intercity,Kolkata,Mumbai,301
570,Kolkata-Mumbai Superfast,Kolkata,Mumbai,308
571,Kolkata-Mumbai Mail,Kolkata,Mumbai,314
572,Kolkata-Mumbai Passenger,Kolkata,Mumbai,289
573,Durgapur-Patna Intercity,Durgapur,Patna,339
574,Durgapur-Patna Superfast,Durgapur,Patna,380
575,Durgapur-Patna Mail,Durgapur,Patna,390
576,Durgapur-Patna Passenger,Durgapur,Patna,346
577,Durgapur-Medinapore Intercity,Durgapur,Medinapore,319
578,Durgapur-Medinapore Superfast,Durgapur,Medinapore,287
579,Durgapur-Medinapore Mail,Durgapur,Medinapore,324
580,Durgapur-Medinapore Passenger,Durgapur,Medinapore,310
581,Kharagpur-Mumbai Intercity,Kharagpur,Mumbai,346
582,Kharagpur-Mumbai Superfast,Kharagpur,Mumbai,327
583,Kharagpur-Mumbai Mail,Kharagpur,Mumbai,326
584,Kharagpur-Mumbai Passenger,Kharagpur,Mumbai,296
585,Kolkata-Nagpur Intercity,Kolkata,Nagpur,493
586,Kolkata-Nagpur Superfast,Kolkata,Nagpur,458
587,Kolkata-Nagpur Mail,Kolkata,Nagpur,506
588,Kolkata-Nagpur Passenger,Kolkata,Nagpur,512
589,Durgapur-Patna Intercity,Durgapur,Patna,519
590,Durgapur-Patna Superfast,Durgapur,Patna,499
591,Durgapur-Patna Mail,Durgapur,Patna,494
592,Durgapur-Patna Passenger,Durgapur,Patna,488
593,Kolkata-Patna Intercity,Kolkata,Patna,581
594,Kolkata-Patna Superfast,Kolkata,Patna,575
595,Kolkata-Patna Mail,Kolkata,Patna,557
596,Kolkata-Patna Passenger,Kolkata,Patna,594
597,Siliguri-Medinapore Intercity,Siliguri,Medinapore,408
598,Siliguri-Medinapore Superfast,Siliguri,Medinapore,398
599,Siliguri-Medinapore Mail,Siliguri,Medinapore,405
600,Siliguri-Medinapore Passenger,Siliguri,Medinapore,437
601,Siliguri-Varanasi Intercity,Siliguri,Varanasi,372
602,Siliguri-Varanasi Superfast,Siliguri,Varanasi,396
603,Siliguri-Varanasi Mail,Siliguri,Varanasi,403
604,Siliguri-Varanasi Passenger,Siliguri,Varanasi,355
605,Siliguri-Chennai Intercity,Siliguri,Chennai,278
606,Siliguri-Chennai Superfast,Siliguri,Chennai,292
607,Siliguri-Chennai Mail,Siliguri,Chennai,323
608,Siliguri-Chennai Passenger,Siliguri,Chennai,306
609,Burdwan-Mumbai Intercity,Burdwan,Mumbai,336
610,Burdwan-Mumbai Superfast,Burdwan,Mumbai,291
611,Burdwan-Mumbai Mail,Burdwan,Mumbai,316
612,Burdwan-Mumbai Passenger,Burdwan,Mumbai,304
613,Kharagpur-Mumbai Intercity,Kharagpur,Mumbai,477
614,Kharagpur-Mumbai Superfast,Kharagpur,Mumbai,469
615,Kharagpur-Mumbai Mail,Kharagpur,Mumbai,446
616,Kharagpur-Mumbai Passenger,Kharagpur,Mumbai,452
617,Kolkata-Tatanagar Intercity,Kolkata,Tatanagar,526
618,Kolkata-Tatanagar Superfast,Kolkata,Tatanagar,557
619,Kolkata-Tatanagar Mail,Kolkata,Tatanagar,545
620,Kolkata-Tatanagar Passenger,Kolkata,Tatanagar,531
621,Durgapur-Puri Intercity,Durgapur,Puri,431
622,Durgapur-Puri Superfast,Durgapur,Puri,452
623,Durgapur-Puri Mail,Durgapur,Puri,447
624,Durgapur-Puri Passenger,Durgapur,Puri,465
625,Asansol-Varanasi Intercity,Asansol,Varanasi,495
626,Asansol-Varanasi Superfast,Asansol,Varanasi,483
627,Asansol-Varanasi Mail,Asansol,Varanasi,467
628,Asansol-Varanasi Passenger,Asansol,Varanasi,489
629,Kharagpur-Tatanagar Intercity,Kharagpur,Tatanagar,534
630,Kharagpur-Tatanagar Superfast,Kharagpur,Tatanagar,524
631,Kharagpur-Tatanagar Mail,Kharagpur,Tatanagar,490
632,Kharagpur-Tatanagar Passenger,Kharagpur,Tatanagar,543
633,Sealdah-Patna Intercity,Sealdah,Patna,486
634,Sealdah-Patna Superfast,Sealdah,Patna,519
635,Sealdah-Patna Mail,Sealdah,Patna,500
636,Sealdah-Patna Passenger,Sealdah,Patna,511
637,Durgapur-Puri Intercity,Durgapur,Puri,429
638,Durgapur-Puri Superfast,Durgapur,Puri,390
639,Durgapur-Puri Mail,Durgapur,Puri,427
640,Durgapur-Puri Passenger,Durgapur,Puri,430
641,Siliguri-Chennai Intercity,Siliguri,Chennai,486
642,Siliguri-Chennai Superfast,Siliguri,Chennai,453
643,Siliguri-Chennai Mail,Siliguri,Chennai,448
644,Siliguri-Chennai Passenger,Siliguri,Chennai,455
645,Howrah-Medinapore Intercity,Howrah,Medinapore,396
646,Howrah-Medinapore Superfast,Howrah,Medinapore,351
647,Howrah-Medinapore Mail,Howrah,Medinapore,365
648,Howrah-Medinapore Passenger,Howrah,Medinapore,382
649,Kharagpur-Patna Intercity,Kharagpur,Patna,596
650,Kharagpur-Patna Superfast,Kharagpur,Patna,562
651,Kharagpur-Patna Mail,Kharagpur,Patna,604
652,Kharagpur-Patna Passenger,Kharagpur,Patna,590
653,Kolkata-Guwahati Intercity,Kolkata,Guwahati,491
654,Kolkata-Guwahati Superfast,Kolkata,Guwahati,487
655,Kolkata-Guwahati Mail,Kolkata,Guwahati,451
656,Kolkata-Guwahati Passenger,Kolkata,Guwahati,478
657,Howrah-Delhi Intercity,Howrah,Delhi,447
658,Howrah-Delhi Superfast,Howrah,Delhi,489
659,Howrah-Delhi Mail,Howrah,Delhi,461
660,Howrah-Delhi Passenger,Howrah,Delhi,470
661,Kharagpur-Delhi Intercity,Kharagpur,Delhi,431
662,Kharagpur-Delhi Superfast,Kharagpur,Delhi,462
663,Kharagpur-Delhi Mail,Kharagpur,Delhi,463
664,Kharagpur-Delhi Passenger,Kharagpur,Delhi,443
665,Burdwan-Nagpur Intercity,Burdwan,Nagpur,497
666,Burdwan-Nagpur Superfast,Burdwan,Nagpur,460
667,Burdwan-Nagpur Mail,Burdwan,Nagpur,445
668,Burdwan-Nagpur Passenger,Burdwan,Nagpur,444
669,Sealdah-Mumbai Intercity,Sealdah,Mumbai,472
670,Sealdah-Mumbai Superfast,Sealdah,Mumbai,480
671,Sealdah-Mumbai Mail,Sealdah,Mumbai,508
672,Sealdah-Mumbai Passenger,Sealdah,Mumbai,516
673,Durgapur-Tatanagar Intercity,Durgapur,Tatanagar,429
674,Durgapur-Tatanagar Superfast,Durgapur,Tatanagar,424
675,Durgapur-Tatanagar Mail,Durgapur,Tatanagar,398
676,Durgapur-Tatanagar Passenger,Durgapur,Tatanagar,423
677,Kharagpur-Chennai Intercity,Kharagpur,Chennai,520
678,Kharagpur-Chennai Superfast,Kharagpur,Chennai,552
679,Kharagpur-Chennai Mail,Kharagpur,Chennai,540
680,Kharagpur-Chennai Passenger,Kharagpur,Chennai,548
681,Howrah-Medinapore Intercity,Howrah,Medinapore,511
682,Howrah-Medinapore Superfast,Howrah,Medinapore,481
683,Howrah-Medinapore Mail,Howrah,Medinapore,474
684,Howrah-Medinapore Passenger,Howrah,Medinapore,475
685,Kolkata-Varanasi Intercity,Kolkata,Varanasi,458
686,Kolkata-Varanasi Superfast,Kolkata,Varanasi,422
687,Kolkata-Varanasi Mail,Kolkata,Varanasi,468
688,Kolkata-Varanasi Passenger,Kolkata,Varanasi,455
689,Asansol-Puri Intercity,Asansol,Puri,591
690,Asansol-Puri Superfast,Asansol,Puri,560
691,Asansol-Puri Mail,Asansol,Puri,544
692,Asansol-Puri Passenger,Asansol,Puri,554
693,Kharagpur-Guwahati Intercity,Kharagpur,Guwahati,448
694,Kharagpur-Guwahati Superfast,Kharagpur,Guwahati,429
695,Kharagpur-Guwahati Mail,Kharagpur,Guwahati,440
696,Kharagpur-Guwahati Passenger,Kharagpur,Guwahati,447
697,Kolkata-Mumbai Intercity,Kolkata,Mumbai,600
698,Kolkata-Mumbai Superfast,Kolkata,Mumbai,584
699,Kolkata-Mumbai Mail,Kolkata,Mumbai,583
700,Kolkata-Mumbai Passenger,Kolkata,Mumbai,585
701,Kharagpur-Mumbai Intercity,Kharagpur,Mumbai,428
702,Kharagpur-Mumbai Superfast,Kharagpur,Mumbai,423
703,Kharagpur-Mumbai Mail,Kharagpur,Mumbai,439
704,Kharagpur-Mumbai Passenger,Kharagpur,Mumbai,418
705,Siliguri-Puri Intercity,Siliguri,Puri,379
706,Siliguri-Puri Superfast,Siliguri,Puri,419
707,Siliguri-Puri Mail,Siliguri,Puri,379
708,Siliguri-Puri Passenger,Siliguri,Puri,436
709,Durgapur-Delhi Intercity,Durgapur,Delhi,416
710,Durgapur-Delhi Superfast,Durgapur,Delhi,424
711,Durgapur-Delhi Mail,Durgapur,Delhi,402
712,Durgapur-Delhi Passenger,Durgapur,Delhi,429
713,Asansol-Guwahati Intercity,Asansol,Guwahati,452
714,Asansol-Guwahati Superfast,Asansol,Guwahati,437
715,Asansol-Guwahati Mail,Asansol,Guwahati,461
716,Asansol-Guwahati Passenger,Asansol,Guwahati,434
717,Burdwan-Delhi Intercity,Burdwan,Delhi,345
718,Burdwan-Delhi Superfast,Burdwan,Delhi,308
719,Burdwan-Delhi Mail,Burdwan,Delhi,354
720,Burdwan-Delhi Passenger,Burdwan,Delhi,342
721,Kharagpur-Varanasi Intercity,Kharagpur,Varanasi,426
722,Kharagpur-Varanasi Superfast,Kharagpur,Varanasi,438
723,Kharagpur-Varanasi Mail,Kharagpur,Varanasi,452
724,Kharagpur-Varanasi Passenger,Kharagpur,Varanasi,428
725,Durgapur-Mumbai Intercity,Durgapur,Mumbai,452
726,Durgapur-Mumbai Superfast,Durgapur,Mumbai,479
727,Durgapur-Mumbai Mail,Durgapur,Mumbai,460
728,Durgapur-Mumbai Passenger,Durgapur,Mumbai,463
729,Howrah-Chennai Intercity,Howrah,Chennai,551
730,Howrah-Chennai Superfast,Howrah,Chennai,516
731,Howrah-Chennai Mail,Howrah,Chennai,557
732,Howrah-Chennai Passenger,Howrah,Chennai,530
733,Kharagpur-Mumbai Intercity,Kharagpur,Mumbai,485
734,Kharagpur-Mumbai Superfast,Kharagpur,Mumbai,473
735,Kharagpur-Mumbai Mail,Kharagpur,Mumbai,496
736,Kharagpur-Mumbai Passenger,Kharagpur,Mumbai,518
737,Howrah-Medinapore Intercity,Howrah,Medinapore,320
738,Howrah-Medinapore Superfast,Howrah,Medinapore,338
739,Howrah-Medinapore Mail,Howrah,Medinapore,363
740,Howrah-Medinapore Passenger,Howrah,Medinapore,345
741,Howrah-Mumbai Intercity,Howrah,Mumbai,403
742,Howrah-Mumbai Superfast,Howrah,Mumbai,396
743,Howrah-Mumbai Mail,Howrah,Mumbai,413
744,Howrah-Mumbai Passenger,Howrah,Mumbai,416
745,Burdwan-Guwahati Intercity,Burdwan,Guwahati,332
746,Burdwan-Guwahati Superfast,Burdwan,Guwahati,373
747,Burdwan-Guwahati Mail,Burdwan,Guwahati,344
748,Burdwan-Guwahati Passenger,Burdwan,Guwahati,363
749,Sealdah-Puri Intercity,Sealdah,Puri,325
750,Sealdah-Puri Superfast,Sealdah,Puri,354
751,Sealdah-Puri Mail,Sealdah,Puri,296
752,Sealdah-Puri Passenger,Sealdah,Puri,316
753,Kharagpur-Delhi Intercity,Kharagpur,Delhi,388
754,Kharagpur-Delhi Superfast,Kharagpur,Delhi,384
755,Kharagpur-Delhi Mail,Kharagpur,Delhi,374
756,Kharagpur-Delhi Passenger,Kharagpur,Delhi,376
757,Kolkata-Varanasi Intercity,Kolkata,Varanasi,305
758,Kolkata-Varanasi Superfast,Kolkata,Varanasi,302
759,Kolkata-Varanasi Mail,Kolkata,Varanasi,313
760,Kolkata-Varanasi Passenger,Kolkata,Varanasi,290
761,Burdwan-Mumbai Intercity,Burdwan,Mumbai,393
762,Burdwan-Mumbai Superfast,Burdwan,Mumbai,382
763,Burdwan-Mumbai Mail,Burdwan,Mumbai,363
764,Burdwan-Mumbai Passenger,Burdwan,Mumbai,389
765,Sealdah-Puri Intercity,Sealdah,Puri,613
766,Sealdah-Puri Superfast,Sealdah,Puri,594
767,Sealdah-Puri Mail,Sealdah,Puri,625
768,Sealdah-Puri Passenger,Sealdah,Puri,569
769,Sealdah-Tatanagar Intercity,Sealdah,Tatanagar,546
770,Sealdah-Tatanagar Superfast,Sealdah,Tatanagar,515
771,Sealdah-Tatanagar Mail,Sealdah,Tatanagar,521
772,Sealdah-Tatanagar Passenger,Sealdah,Tatanagar,517
773,Durgapur-Puri Intercity,Durgapur,Puri,594
774,Durgapur-Puri Superfast,Durgapur,Puri,595
775,Durgapur-Puri Mail,Durgapur,Puri,589
776,Durgapur-Puri Passenger,Durgapur,Puri,565
777,Kharagpur-Guwahati Intercity,Kharagpur,Guwahati,503
778,Kharagpur-Guwahati Superfast,Kharagpur,Guwahati,479
779,Kharagpur-Guwahati Mail,Kharagpur,Guwahati,519
780,Kharagpur-Guwahati Passenger,Kharagpur,Guwahati,465
781,Durgapur-Medinapore Intercity,Durgapur,Medinapore,470
782,Durgapur-Medinapore Superfast,Durgapur,Medinapore,487
783,Durgapur-Medinapore Mail,Durgapur,Medinapore,477
784,Durgapur-Medinapore Passenger,Durgapur,Medinapore,457
785,Howrah-Patna Intercity,Howrah,Patna,569
786,Howrah-Patna Superfast,Howrah,Patna,549
787,Howrah-Patna Mail,Howrah,Patna,565
788,Howrah-Patna Passenger,Howrah,Patna,571
789,Howrah-Delhi Intercity,Howrah,Delhi,522
790,Howrah-Delhi Superfast,Howrah,Delhi,521
791,Howrah-Delhi Mail,Howrah,Delhi,529
792,Howrah-Delhi Passenger,Howrah,Delhi,491
793,Sealdah-Mumbai Intercity,Sealdah,Mumbai,336
794,Sealdah-Mumbai Superfast,Sealdah,Mumbai,370
795,Sealdah-Mumbai Mail,Sealdah,Mumbai,333
796,Sealdah-Mumbai Passenger,Sealdah,Mumbai,333
797,Siliguri-Medinapore Intercity,Siliguri,Medinapore,504
798,Siliguri-Medinapore Superfast,Siliguri,Medinapore,528
799,Siliguri-Medinapore Mail,Siliguri,Medinapore,489
800,Siliguri-Medinapore Passenger,Siliguri,Medinapore,505
801,Kharagpur-Puri Intercity,Kharagpur,Puri,544
802,Kharagpur-Puri Superfast,Kharagpur,Puri,499
803,Kharagpur-Puri Mail,Kharagpur,Puri,522
804,Kharagpur-Puri Passenger,Kharagpur,Puri,550
805,Sealdah-Puri Intercity,Sealdah,Puri,573
806,Sealdah-Puri Superfast,Sealdah,Puri,579
807,Sealdah-Puri Mail,Sealdah,Puri,566
808,Sealdah-Puri Passenger,Sealdah,Puri,572
809,Howrah-Tatanagar Intercity,Howrah,Tatanagar,463
810,Howrah-Tatanagar Superfast,Howrah,Tatanagar,493
811,Howrah-Tatanagar Mail,Howrah,Tatanagar,490
812,Howrah-Tatanagar Passenger,Howrah,Tatanagar,445
813,Asansol-Guwahati Intercity,Asansol,Guwahati,583
814,Asansol-Guwahati Superfast,Asansol,Guwahati,560
815,Asansol-Guwahati Mail,Asansol,Guwahati,583
816,Asansol-Guwahati Passenger,Asansol,Guwahati,542
817,Siliguri-Patna Intercity,Siliguri,Patna,467
818,Siliguri-Patna Superfast,Siliguri,Patna,417
819,Siliguri-Patna Mail,Siliguri,Patna,454
820,Siliguri-Patna Passenger,Siliguri,Patna,427
821,Siliguri-Patna Intercity,Siliguri,Patna,566
822,Siliguri-Patna Superfast,Siliguri,Patna,569
823,Siliguri-Patna Mail,Siliguri,Patna,546
824,Siliguri-Patna Passenger,Siliguri,Patna,580
825,Sealdah-Nagpur Intercity,Sealdah,Nagpur,352
826,Sealdah-Nagpur Superfast,Sealdah,Nagpur,377
827,Sealdah-Nagpur Mail,Sealdah,Nagpur,355
828,Sealdah-Nagpur Passenger,Sealdah,Nagpur,359
829,Asansol-Varanasi Intercity,Asansol,Varanasi,562
830,Asansol-Varanasi Superfast,Asansol,Varanasi,600
831,Asansol-Varanasi Mail,Asansol,Varanasi,581
832,Asansol-Varanasi Passenger,Asansol,Varanasi,585
833,Kharagpur-Patna Intercity,Kharagpur,Patna,438
834,Kharagpur-Patna Superfast,Kharagpur,Patna,413
835,Kharagpur-Patna Mail,Kharagpur,Patna,399
836,Kharagpur-Patna Passenger,Kharagpur,Patna,402
837,Howrah-Patna Intercity,Howrah,Patna,345
838,Howrah-Patna Superfast,Howrah,Patna,341
839,Howrah-Patna Mail,Howrah,Patna,376
840,Howrah-Patna Passenger,Howrah,Patna,356
841,Kolkata-Medinapore Intercity,Kolkata,Medinapore,370
842,Kolkata-Medinapore Superfast,Kolkata,Medinapore,347
843,Kolkata-Medinapore Mail,Kolkata,Medinapore,373
844,Kolkata-Medinapore Passenger,Kolkata,Medinapore,337
845,Sealdah-Medinapore Intercity,Sealdah,Medinapore,555
846,Sealdah-Medinapore Superfast,Sealdah,Medinapore,565
847,Sealdah-Medinapore Mail,Sealdah,Medinapore,589
848,Sealdah-Medinapore Passenger,Sealdah,Medinapore,579
849,Sealdah-Varanasi Intercity,Sealdah,Varanasi,378
850,Sealdah-Varanasi Superfast,Sealdah,Varanasi,323
851,Sealdah-Varanasi Mail,Sealdah,Varanasi,338
852,Sealdah-Varanasi Passenger,Sealdah,Varanasi,325
853,Howrah-Delhi Intercity,Howrah,Delhi,540
854,Howrah-Delhi Superfast,Howrah,Delhi,575
855,Howrah-Delhi Mail,Howrah,Delhi,564
856,Howrah-Delhi Passenger,Howrah,Delhi,539
857,Durgapur-Guwahati Intercity,Durgapur,Guwahati,328
858,Durgapur-Guwahati Superfast,Durgapur,Guwahati,322
859,Durgapur-Guwahati Mail,Durgapur,Guwahati,363
860,Durgapur-Guwahati Passenger,Durgapur,Guwahati,375
861,Siliguri-Medinapore Intercity,Siliguri,Medinapore,601
862,Siliguri-Medinapore Superfast,Siliguri,Medinapore,606
863,Siliguri-Medinapore Mail,Siliguri,Medinapore,578
864,Siliguri-Medinapore Passenger,Siliguri,Medinapore,625
865,Burdwan-Delhi Intercity,Burdwan,Delhi,530
866,Burdwan-Delhi Superfast,Burdwan,Delhi,516
867,Burdwan-Delhi Mail,Burdwan,Delhi,548
868,Burdwan-Delhi Passenger,Burdwan,Delhi,529
869,Sealdah-Delhi Intercity,Sealdah,Delhi,335
870,Sealdah-Delhi Superfast,Sealdah,Delhi,321
871,Sealdah-Delhi Mail,Sealdah,Delhi,313
872,Sealdah-Delhi Passenger,Sealdah,Delhi,364
873,Durgapur-Nagpur Intercity,Durgapur,Nagpur,303
874,Durgapur-Nagpur Superfast,Durgapur,Nagpur,306
875,Durgapur-Nagpur Mail,Durgapur,Nagpur,350
876,Durgapur-Nagpur Passenger,Durgapur,Nagpur,311
877,Asansol-Varanasi Intercity,Asansol,Varanasi,344
878,Asansol-Varanasi Superfast,Asansol,Varanasi,318
879,Asansol-Varanasi Mail,Asansol,Varanasi,344
880,Asansol-Varanasi Passenger,Asansol,Varanasi,315
881,Asansol-Chennai Intercity,Asansol,Chennai,462
882,Asansol-Chennai Superfast,Asansol,Chennai,443
883,Asansol-Chennai Mail,Asansol,Chennai,449
884,Asansol-Chennai Passenger,Asansol,Chennai,444
885,Howrah-Chennai Intercity,Howrah,Chennai,410
886,Howrah-Chennai Superfast,Howrah,Chennai,420
887,Howrah-Chennai Mail,Howrah,Chennai,413
888,Howrah-Chennai Passenger,Howrah,Chennai,446
889,Howrah-Delhi Intercity,Howrah,Delhi,355
890,Howrah-Delhi Superfast,Howrah,Delhi,349
891,Howrah-Delhi Mail,Howrah,Delhi,322
892,Howrah-Delhi Passenger,Howrah,Delhi,339
893,Asansol-Nagpur Intercity,Asansol,Nagpur,369
894,Asansol-Nagpur Superfast,Asansol,Nagpur,381
895,Asansol-Nagpur Mail,Asansol,Nagpur,377
896,Asansol-Nagpur Passenger,Asansol,Nagpur,349
897,Sealdah-Chennai Intercity,Sealdah,Chennai,598
898,Sealdah-Chennai Superfast,Sealdah,Chennai,595
899,Sealdah-Chennai Mail,Sealdah,Chennai,627
900,Sealdah-Chennai Passenger,Sealdah,Chennai,597
901,Durgapur-Varanasi Intercity,Durgapur,Varanasi,535
902,Durgapur-Varanasi Superfast,Durgapur,Varanasi,567
903,Durgapur-Varanasi Mail,Durgapur,Varanasi,564
904,Durgapur-Varanasi Passenger,Durgapur,Varanasi,562
905,Kolkata-Tatanagar Intercity,Kolkata,Tatanagar,356
906,Kolkata-Tatanagar Superfast,Kolkata,Tatanagar,367
907,Kolkata-Tatanagar Mail,Kolkata,Tatanagar,366
908,Kolkata-Tatanagar Passenger,Kolkata,Tatanagar,379
909,Burdwan-Delhi Intercity,Burdwan,Delhi,460
910,Burdwan-Delhi Superfast,Burdwan,Delhi,460
911,Burdwan-Delhi Mail,Burdwan,Delhi,499
912,Burdwan-Delhi Passenger,Burdwan,Delhi,507
913,Burdwan-Patna Intercity,Burdwan,Patna,577
914,Burdwan-Patna Superfast,Burdwan,Patna,588
915,Burdwan-Patna Mail,Burdwan,Patna,627
916,Burdwan-Patna Passenger,Burdwan,Patna,615
917,Howrah-Nagpur Intercity,Howrah,Nagpur,459
918,Howrah-Nagpur Superfast,Howrah,Nagpur,448
919,Howrah-Nagpur Mail,Howrah,Nagpur,442
920,Howrah-Nagpur Passenger,Howrah,Nagpur,425
921,Burdwan-Patna Intercity,Burdwan,Patna,290
922,Burdwan-Patna Superfast,Burdwan,Patna,333
923,Burdwan-Patna Mail,Burdwan,Patna,310
924,Burdwan-Patna Passenger,Burdwan,Patna,294
925,Burdwan-Tatanagar Intercity,Burdwan,Tatanagar,334
926,Burdwan-Tatanagar Superfast,Burdwan,Tatanagar,324
927,Burdwan-Tatanagar Mail,Burdwan,Tatanagar,303
928,Burdwan-Tatanagar Passenger,Burdwan,Tatanagar,343
929,Durgapur-Mumbai Intercity,Durgapur,Mumbai,280
930,Durgapur-Mumbai Superfast,Durgapur,Mumbai,302
931,Durgapur-Mumbai Mail,Durgapur,Mumbai,321
932,Durgapur-Mumbai Passenger,Durgapur,Mumbai,335
933,Asansol-Patna Intercity,Asansol,Patna,337
934,Asansol-Patna Superfast,Asansol,Patna,333
935,Asansol-Patna Mail,Asansol,Patna,349
936,Asansol-Patna Passenger,Asansol,Patna,315
937,Kharagpur-Varanasi Intercity,Kharagpur,Varanasi,389
938,Kharagpur-Varanasi Superfast,Kharagpur,Varanasi,389
939,Kharagpur-Varanasi Mail,Kharagpur,Varanasi,387
940,Kharagpur-Varanasi Passenger,Kharagpur,Varanasi,388
941,Asansol-Guwahati Intercity,Asansol,Guwahati,560
942,Asansol-Guwahati Superfast,Asansol,Guwahati,527
943,Asansol-Guwahati Mail,Asansol,Guwahati,563
944,Asansol-Guwahati Passenger,Asansol,Guwahati,546
945,Burdwan-Patna Intercity,Burdwan,Patna,410
946,Burdwan-Patna Superfast,Burdwan,Patna,418
947,Burdwan-Patna Mail,Burdwan,Patna,430
948,Burdwan-Patna Passenger,Burdwan,Patna,409
949,Kolkata-Patna Intercity,Kolkata,Patna,571
950,Kolkata-Patna Superfast,Kolkata,Patna,595
951,Kolkata-Patna Mail,Kolkata,Patna,610
952,Kolkata-Patna Passenger,Kolkata,Patna,608
953,Kharagpur-Puri Intercity,Kharagpur,Puri,366
954,Kharagpur-Puri Superfast,Kharagpur,Puri,366
955,Kharagpur-Puri Mail,Kharagpur,Puri,357
956,Kharagpur-Puri Passenger,Kharagpur,Puri,365
957,Howrah-Nagpur Intercity,Howrah,Nagpur,365
958,Howrah-Nagpur Superfast,Howrah,Nagpur,371
959,Howrah-Nagpur Mail,Howrah,Nagpur,352
960,Howrah-Nagpur Passenger,Howrah,Nagpur,364
961,Kharagpur-Tatanagar Intercity,Kharagpur,Tatanagar,533
962,Kharagpur-Tatanagar Superfast,Kharagpur,Tatanagar,540
963,Kharagpur-Tatanagar Mail,Kharagpur,Tatanagar,576
964,Kharagpur-Tatanagar Passenger,Kharagpur,Tatanagar,548
965,Kolkata-Puri Intercity,Kolkata,Puri,551
966,Kolkata-Puri Superfast,Kolkata,Puri,551
967,Kolkata-Puri Mail,Kolkata,Puri,586
968,Kolkata-Puri Passenger,Kolkata,Puri,602
969,Kolkata-Varanasi Intercity,Kolkata,Varanasi,518
970,Kolkata-Varanasi Superfast,Kolkata,Varanasi,557
971,Kolkata-Varanasi Mail,Kolkata,Varanasi,521
972,Kolkata-Varanasi Passenger,Kolkata,Varanasi,538
973,Kolkata-Chennai Intercity,Kolkata,Chennai,581
974,Kolkata-Chennai Superfast,Kolkata,Chennai,588
975,Kolkata-Chennai Mail,Kolkata,Chennai,622
976,Kolkata-Chennai Passenger,Kolkata,Chennai,575
977,Sealdah-Delhi Intercity,Sealdah,Delhi,303
978,Sealdah-Delhi Superfast,Sealdah,Delhi,330
979,Sealdah-Delhi Mail,Sealdah,Delhi,350
980,Sealdah-Delhi Passenger,Sealdah,Delhi,300
981,Asansol-Puri Intercity,Asansol,Puri,410
982,Asansol-Puri Superfast,Asansol,Puri,403
983,Asansol-Puri Mail,Asansol,Puri,449
984,Asansol-Puri Passenger,Asansol,Puri,399
985,Asansol-Tatanagar Intercity,Asansol,Tatanagar,365
986,Asansol-Tatanagar Superfast,Asansol,Tatanagar,331
987,Asansol-Tatanagar Mail,Asansol,Tatanagar,369
988,Asansol-Tatanagar Passenger,Asansol,Tatanagar,363
989,Kolkata-Patna Intercity,Kolkata,Patna,398
990,Kolkata-Patna Superfast,Kolkata,Patna,448
991,Kolkata-Patna Mail,Kolkata,Patna,411
992,Kolkata-Patna Passenger,Kolkata,Patna,411
993,Siliguri-Guwahati Intercity,Siliguri,Guwahati,507
994,Siliguri-Guwahati Superfast,Siliguri,Guwahati,512
995,Siliguri-Guwahati Mail,Siliguri,Guwahati,497
996,Siliguri-Guwahati Passenger,Siliguri,Guwahati,497
997,Kharagpur-Delhi Intercity,Kharagpur,Delhi,469
998,Kharagpur-Delhi Superfast,Kharagpur,Delhi,520
999,Kharagpur-Delhi Mail,Kharagpur,Delhi,472
1000,Kharagpur-Delhi Passenger,Kharagpur,Delhi,496
1001,Asansol-Guwahati Intercity,Asansol,Guwahati,329
1002,Asansol-Guwahati Superfast,Asansol,Guwahati,358
1003,Asansol-Guwahati Mail,Asansol,Guwahati,364
1004,Asansol-Guwahati Passenger,Asansol,Guwahati,330
1005,Durgapur-Varanasi Intercity,Durgapur,Varanasi,554
1006,Durgapur-Varanasi Superfast,Durgapur,Varanasi,544
1007,Durgapur-Varanasi Mail,Durgapur,Varanasi,554
1008,Durgapur-Varanasi Passenger,Durgapur,Varanasi,585
1009,Kharagpur-Puri Intercity,Kharagpur,Puri,442
1010,Kharagpur-Puri Superfast,Kharagpur,Puri,482
1011,Kharagpur-Puri Mail,Kharagpur,Puri,429
1012,Kharagpur-Puri Passenger,Kharagpur,Puri,453
1013,Burdwan-Mumbai Intercity,Burdwan,Mumbai,369
1014,Burdwan-Mumbai Superfast,Burdwan,Mumbai,371
1015,Burdwan-Mumbai Mail,Burdwan,Mumbai,399
1016,Burdwan-Mumbai Passenger,Burdwan,Mumbai,390
1017,Kharagpur-Tatanagar Intercity,Kharagpur,Tatanagar,531
1018,Kharagpur-Tatanagar Superfast,Kharagpur,Tatanagar,530
1019,Kharagpur-Tatanagar Mail,Kharagpur,Tatanagar,578
1020,Kharagpur-Tatanagar Passenger,Kharagpur,Tatanagar,581
1021,Asansol-Medinapore Intercity,Asansol,Medinapore,547
1022,Asansol-Medinapore Superfast,Asansol,Medinapore,571
1023,Asansol-Medinapore Mail,Asansol,Medinapore,545
1024,Asansol-Medinapore Passenger,Asansol,Medinapore,583
1025,Asansol-Mumbai Intercity,Asansol,Mumbai,498
1026,Asansol-Mumbai Superfast,Asansol,Mumbai,531
1027,Asansol-Mumbai Mail,Asansol,Mumbai,522
1028,Asansol-Mumbai Passenger,Asansol,Mumbai,515
1029,Kharagpur-Delhi Intercity,Kharagpur,Delhi,361
1030,Kharagpur-Delhi Superfast,Kharagpur,Delhi,330
1031,Kharagpur-Delhi Mail,Kharagpur,Delhi,344
1032,Kharagpur-Delhi Passenger,Kharagpur,Delhi,375
1033,Siliguri-Guwahati Intercity,Siliguri,Guwahati,440
1034,Siliguri-Guwahati Superfast,Siliguri,Guwahati,494
1035,Siliguri-Guwahati Mail,Siliguri,Guwahati,490
1036,Siliguri-Guwahati Passenger,Siliguri,Guwahati,496
1037,Burdwan-Guwahati Intercity,Burdwan,Guwahati,421
1038,Burdwan-Guwahati Superfast,Burdwan,Guwahati,437
1039,Burdwan-Guwahati Mail,Burdwan,Guwahati,386
1040,Burdwan-Guwahati Passenger,Burdwan,Guwahati,400
1041,Durgapur-Chennai Intercity,Durgapur,Chennai,428
1042,Durgapur-Chennai Superfast,Durgapur,Chennai,466
1043,Durgapur-Chennai Mail,Durgapur,Chennai,456
1044,Durgapur-Chennai Passenger,Durgapur,Chennai,451
1045,Siliguri-Puri Intercity,Siliguri,Puri,537
1046,Siliguri-Puri Superfast,Siliguri,Puri,534
1047,Siliguri-Puri Mail,Siliguri,Puri,504
1048,Siliguri-Puri Passenger,Siliguri,Puri,535
1049,Siliguri-Guwahati Intercity,Siliguri,Guwahati,519
1050,Siliguri-Guwahati Superfast,Siliguri,Guwahati,532
1051,Siliguri-Guwahati Mail,Siliguri,Guwahati,549
1052,Siliguri-Guwahati Passenger,Siliguri,Guwahati,516
1053,Siliguri-Nagpur Intercity,Siliguri,Nagpur,548
1054,Siliguri-Nagpur Superfast,Siliguri,Nagpur,536
1055,Siliguri-Nagpur Mail,Siliguri,Nagpur,538
1056,Siliguri-Nagpur Passenger,Siliguri,Nagpur,543
1057,Kharagpur-Medinapore Intercity,Kharagpur,Medinapore,413
1058,Kharagpur-Medinapore Superfast,Kharagpur,Medinapore,378
1059,Kharagpur-Medinapore Mail,Kharagpur,Medinapore,362
1060,Kharagpur-Medinapore Passenger,Kharagpur,Medinapore,374
1061,Siliguri-Patna Intercity,Siliguri,Patna,359
1062,Siliguri-Patna Superfast,Siliguri,Patna,330
1063,Siliguri-Patna Mail,Siliguri,Patna,359
1064,Siliguri-Patna Passenger,Siliguri,Patna,376
1065,Sealdah-Medinapore Intercity,Sealdah,Medinapore,610
1066,Sealdah-Medinapore Superfast,Sealdah,Medinapore,571
1067,Sealdah-Medinapore Mail,Sealdah,Medinapore,612
1068,Sealdah-Medinapore Passenger,Sealdah,Medinapore,599
1069,Siliguri-Guwahati Intercity,Siliguri,Guwahati,386
1070,Siliguri-Guwahati Superfast,Siliguri,Guwahati,386
1071,Siliguri-Guwahati Mail,Siliguri,Guwahati,416
1072,Siliguri-Guwahati Passenger,Siliguri,Guwahati,438
1073,Kharagpur-Medinapore Intercity,Kharagpur,Medinapore,622
1074,Kharagpur-Medinapore Superfast,Kharagpur,Medinapore,618
1075,Kharagpur-Medinapore Mail,Kharagpur,Medinapore,617
1076,Kharagpur-Medinapore Passenger,Kharagpur,Medinapore,600
1077,Burdwan-Medinapore Intercity,Burdwan,Medinapore,332
1078,Burdwan-Medinapore Superfast,Burdwan,Medinapore,320
1079,Burdwan-Medinapore Mail,Burdwan,Medinapore,318
1080,Burdwan-Medinapore Passenger,Burdwan,Medinapore,335
1081,Durgapur-Puri Intercity,Durgapur,Puri,467
1082,Durgapur-Puri Superfast,Durgapur,Puri,514
1083,Durgapur-Puri Mail,Durgapur,Puri,468
1084,Durgapur-Puri Passenger,Durgapur,Puri,494
1085,Durgapur-Chennai Intercity,Durgapur,Chennai,336
1086,Durgapur-Chennai Superfast,Durgapur,Chennai,347
1087,Durgapur-Chennai Mail,Durgapur,Chennai,366
1088,Durgapur-Chennai Passenger,Durgapur,Chennai,359
1089,Siliguri-Mumbai Intercity,Siliguri,Mumbai,393
1090,Siliguri-Mumbai Superfast,Siliguri,Mumbai,379
1091,Siliguri-Mumbai Mail,Siliguri,Mumbai,384
1092,Siliguri-Mumbai Passenger,Siliguri,Mumbai,417
1093,Asansol-Patna Intercity,Asansol,Patna,514
1094,Asansol-Patna Superfast,Asansol,Patna,540
1095,Asansol-Patna Mail,Asansol,Patna,506
1096,Asansol-Patna Passenger,Asansol,Patna,545
1097,Durgapur-Mumbai Intercity,Durgapur,Mumbai,493
1098,Durgapur-Mumbai Superfast,Durgapur,Mumbai,515
1099,Durgapur-Mumbai Mail,Durgapur,Mumbai,493
1100,Durgapur-Mumbai Passenger,Durgapur,Mumbai,537
1101,Howrah-Guwahati Intercity,Howrah,Guwahati,371
1102,Howrah-Guwahati Superfast,Howrah,Guwahati,371
1103,Howrah-Guwahati Mail,Howrah,Guwahati,374
1104,Howrah-Guwahati Passenger,Howrah,Guwahati,329
1105,Sealdah-Mumbai Intercity,Sealdah,Mumbai,574
1106,Sealdah-Mumbai Superfast,Sealdah,Mumbai,545
1107,Sealdah-Mumbai Mail,Sealdah,Mumbai,543
1108,Sealdah-Mumbai Passenger,Sealdah,Mumbai,575
1109,Kharagpur-Guwahati Intercity,Kharagpur,Guwahati,488
1110,Kharagpur-Guwahati Superfast,Kharagpur,Guwahati,495
1111,Kharagpur-Guwahati Mail,Kharagpur,Guwahati,482
1112,Kharagpur-Guwahati Passenger,Kharagpur,Guwahati,514
1113,Siliguri-Medinapore Intercity,Siliguri,Medinapore,566
1114,Siliguri-Medinapore Superfast,Siliguri,Medinapore,547
1115,Siliguri-Medinapore Mail,Siliguri,Medinapore,565
1116,Siliguri-Medinapore Passenger,Siliguri,Medinapore,576
1117,Kharagpur-Delhi Intercity,Kharagpur,Delhi,333
1118,Kharagpur-Delhi Superfast,Kharagpur,Delhi,341
1119,Kharagpur-Delhi Mail,Kharagpur,Delhi,355
1120,Kharagpur-Delhi Passenger,Kharagpur,Delhi,360
1121,Siliguri-Mumbai Intercity,Siliguri,Mumbai,509
1122,Siliguri-Mumbai Superfast,Siliguri,Mumbai,502
1123,Siliguri-Mumbai Mail,Siliguri,Mumbai,510
1124,Siliguri-Mumbai Passenger,Siliguri,Mumbai,466
1125,Kharagpur-Chennai Intercity,Kharagpur,Chennai,363
1126,Kharagpur-Chennai Superfast,Kharagpur,Chennai,399
1127,Kharagpur-Chennai Mail,Kharagpur,Chennai,379
1128,Kharagpur-Chennai Passenger,Kharagpur,Chennai,382
1129,Asansol-Medinapore Intercity,Asansol,Medinapore,436
1130,Asansol-Medinapore Superfast,Asansol,Medinapore,444
1131,Asansol-Medinapore Mail,Asansol,Medinapore,440
1132,Asansol-Medinapore Passenger,Asansol,Medinapore,401
1133,Kharagpur-Nagpur Intercity,Kharagpur,Nagpur,462
1134,Kharagpur-Nagpur Superfast,Kharagpur,Nagpur,482
1135,Kharagpur-Nagpur Mail,Kharagpur,Nagpur,454
1136,Kharagpur-Nagpur Passenger,Kharagpur,Nagpur,484
1137,Burdwan-Tatanagar Intercity,Burdwan,Tatanagar,517
1138,Burdwan-Tatanagar Superfast,Burdwan,Tatanagar,488
1139,Burdwan-Tatanagar Mail,Burdwan,Tatanagar,500
1140,Burdwan-Tatanagar Passenger,Burdwan,Tatanagar,492
1141,Howrah-Varanasi Intercity,Howrah,Varanasi,326
1142,Howrah-Varanasi Superfast,Howrah,Varanasi,350
1143,Howrah-Varanasi Mail,Howrah,Varanasi,322
1144,Howrah-Varanasi Passenger,Howrah,Varanasi,351
1145,Howrah-Chennai Intercity,Howrah,Chennai,550
1146,Howrah-Chennai Superfast,Howrah,Chennai,595
1147,Howrah-Chennai Mail,Howrah,Chennai,605
1148,Howrah-Chennai Passenger,Howrah,Chennai,596
1149,Burdwan-Delhi Intercity,Burdwan,Delhi,409
1150,Burdwan-Delhi Superfast,Burdwan,Delhi,420
1151,Burdwan-Delhi Mail,Burdwan,Delhi,451
1152,Burdwan-Delhi Passenger,Burdwan,Delhi,438
1153,Siliguri-Patna Intercity,Siliguri,Patna,308
1154,Siliguri-Patna Superfast,Siliguri,Patna,350
1155,Siliguri-Patna Mail,Siliguri,Patna,316
1156,Siliguri-Patna Passenger,Siliguri,Patna,336
1157,Howrah-Chennai Intercity,Howrah,Chennai,487
1158,Howrah-Chennai Superfast,Howrah,Chennai,474
1159,Howrah-Chennai Mail,Howrah,Chennai,443
1160,Howrah-Chennai Passenger,Howrah,Chennai,466
1161,Asansol-Puri Intercity,Asansol,Puri,594
1162,Asansol-Puri Superfast,Asansol,Puri,572
1163,Asansol-Puri Mail,Asansol,Puri,588
1164,Asansol-Puri Passenger,Asansol,Puri,564
1165,Howrah-Patna Intercity,Howrah,Patna,397
1166,Howrah-Patna Superfast,Howrah,Patna,373
1167,Howrah-Patna Mail,Howrah,Patna,390
1168,Howrah-Patna Passenger,Howrah,Patna,407
1169,Durgapur-Guwahati Intercity,Durgapur,Guwahati,290
1170,Durgapur-Guwahati Superfast,Durgapur,Guwahati,346
1171,Durgapur-Guwahati Mail,Durgapur,Guwahati,345
1172,Durgapur-Guwahati Passenger,Durgapur,Guwahati,298
1173,Kolkata-Guwahati Intercity,Kolkata,Guwahati,526
1174,Kolkata-Guwahati Superfast,Kolkata,Guwahati,528
1175,Kolkata-Guwahati Mail,Kolkata,Guwahati,513
1176,Kolkata-Guwahati Passenger,Kolkata,Guwahati,515
1177,Howrah-Chennai Intercity,Howrah,Chennai,359
1178,Howrah-Chennai Superfast,Howrah,Chennai,384
1179,Howrah-Chennai Mail,Howrah,Chennai,332
1180,Howrah-Chennai Passenger,Howrah,Chennai,360
1181,Sealdah-Chennai Intercity,Sealdah,Chennai,363
1182,Sealdah-Chennai Superfast,Sealdah,Chennai,327
1183,Sealdah-Chennai Mail,Sealdah,Chennai,374
1184,Sealdah-Chennai Passenger,Sealdah,Chennai,354
1185,Durgapur-Medinapore Intercity,Durgapur,Medinapore,317
1186,Durgapur-Medinapore Superfast,Durgapur,Medinapore,320
1187,Durgapur-Medinapore Mail,Durgapur,Medinapore,317
1188,Durgapur-Medinapore Passenger,Durgapur,Medinapore,320
1189,Durgapur-Medinapore Intercity,Durgapur,Medinapore,489
1190,Durgapur-Medinapore Superfast,Durgapur,Medinapore,486
1191,Durgapur-Medinapore Mail,Durgapur,Medinapore,477
1192,Durgapur-Medinapore Passenger,Durgapur,Medinapore,512
1193,Durgapur-Guwahati Intercity,Durgapur,Guwahati,521
1194,Durgapur-Guwahati Superfast,Durgapur,Guwahati,511
1195,Durgapur-Guwahati Mail,Durgapur,Guwahati,506
1196,Durgapur-Guwahati Passenger,Durgapur,Guwahati,527
1197,Asansol-Nagpur Intercity,Asansol,Nagpur,315
1198,Asansol-Nagpur Superfast,Asansol,Nagpur,297
1199,Asansol-Nagpur Mail,Asansol,Nagpur,332
1200,Asansol-Nagpur Passenger,Asansol,Nagpur,323
1201,Howrah-Nagpur Intercity,Howrah,Nagpur,554
1202,Howrah-Nagpur Superfast,Howrah,Nagpur,562
1203,Howrah-Nagpur Mail,Howrah,Nagpur,604
1204,Howrah-Nagpur Passenger,Howrah,Nagpur,574
1205,Kolkata-Delhi Intercity,Kolkata,Delhi,498
1206,Kolkata-Delhi Superfast,Kolkata,Delhi,482
1207,Kolkata-Delhi Mail,Kolkata,Delhi,538
1208,Kolkata-Delhi Passenger,Kolkata,Delhi,481
1209,Asansol-Guwahati Intercity,Asansol,Guwahati,413
1210,Asansol-Guwahati Superfast,Asansol,Guwahati,408
1211,Asansol-Guwahati Mail,Asansol,Guwahati,426
1212,Asansol-Guwahati Passenger,Asansol,Guwahati,433
1213,Howrah-Delhi Intercity,Howrah,Delhi,415
1214,Howrah-Delhi Superfast,Howrah,Delhi,407
1215,Howrah-Delhi Mail,Howrah,Delhi,459
1216,Howrah-Delhi Passenger,Howrah,Delhi,436
1217,Kolkata-Varanasi Intercity,Kolkata,Varanasi,449
1218,Kolkata-Varanasi Superfast,Kolkata,Varanasi,469
1219,Kolkata-Varanasi Mail,Kolkata,Varanasi,443
1220,Kolkata-Varanasi Passenger,Kolkata,Varanasi,446
1221,Durgapur-Nagpur Intercity,Durgapur,Nagpur,494
1222,Durgapur-Nagpur Superfast,Durgapur,Nagpur,492
1223,Durgapur-Nagpur Mail,Durgapur,Nagpur,513
1224,Durgapur-Nagpur Passenger,Durgapur,Nagpur,455
1225,Asansol-Chennai Intercity,Asansol,Chennai,316
1226,Asansol-Chennai Superfast,Asansol,Chennai,326
1227,Asansol-Chennai Mail,Asansol,Chennai,332
1228,Asansol-Chennai Passenger,Asansol,Chennai,340
1229,Howrah-Medinapore Intercity,Howrah,Medinapore,456
1230,Howrah-Medinapore Superfast,Howrah,Medinapore,439
1231,Howrah-Medinapore Mail,Howrah,Medinapore,445
1232,Howrah-Medinapore Passenger,Howrah,Medinapore,465
1233,Kolkata-Nagpur Intercity,Kolkata,Nagpur,527
1234,Kolkata-Nagpur Superfast,Kolkata,Nagpur,514
1235,Kolkata-Nagpur Mail,Kolkata,Nagpur,492
1236,Kolkata-Nagpur Passenger,Kolkata,Nagpur,502
1237,Siliguri-Delhi Intercity,Siliguri,Delhi,424
1238,Siliguri-Delhi Superfast,Siliguri,Delhi,439
1239,Siliguri-Delhi Mail,Siliguri,Delhi,392
1240,Siliguri-Delhi Passenger,Siliguri,Delhi,443
1241,Asansol-Nagpur Intercity,Asansol,Nagpur,482
1242,Asansol-Nagpur Superfast,Asansol,Nagpur,487
1243,Asansol-Nagpur Mail,Asansol,Nagpur,506
1244,Asansol-Nagpur Passenger,Asansol,Nagpur,517
1245,Asansol-Varanasi Intercity,Asansol,Varanasi,378
1246,Asansol-Varanasi Superfast,Asansol,Varanasi,412
1247,Asansol-Varanasi Mail,Asansol,Varanasi,411
1248,Asansol-Varanasi Passenger,Asansol,Varanasi,355
1249,Howrah-Puri Intercity,Howrah,Puri,306
1250,Howrah-Puri Superfast,Howrah,Puri,330
1251,Howrah-Puri Mail,Howrah,Puri,302
1252,Howrah-Puri Passenger,Howrah,Puri,292
1253,Durgapur-Delhi Intercity,Durgapur,Delhi,468
1254,Durgapur-Delhi Superfast,Durgapur,Delhi,477
1255,Durgapur-Delhi Mail,Durgapur,Delhi,461
1256,Durgapur-Delhi Passenger,Durgapur,Delhi,490
1257,Kolkata-Mumbai Intercity,Kolkata,Mumbai,390
1258,Kolkata-Mumbai Superfast,Kolkata,Mumbai,367
1259,Kolkata-Mumbai Mail,Kolkata,Mumbai,362
1260,Kolkata-Mumbai Passenger,Kolkata,Mumbai,376
1261,Howrah-Guwahati Intercity,Howrah,Guwahati,383
1262,Howrah-Guwahati Superfast,Howrah,Guwahati,390
1263,Howrah-Guwahati Mail,Howrah,Guwahati,394
1264,Howrah-Guwahati Passenger,Howrah,Guwahati,340
1265,Kolkata-Mumbai Intercity,Kolkata,Mumbai,470
1266,Kolkata-Mumbai Superfast,Kolkata,Mumbai,447
1267,Kolkata-Mumbai Mail,Kolkata,Mumbai,462
1268,Kolkata-Mumbai Passenger,Kolkata,Mumbai,428
1269,Siliguri-Guwahati Intercity,Siliguri,Guwahati,450
1270,Siliguri-Guwahati Superfast,Siliguri,Guwahati,462
1271,Siliguri-Guwahati Mail,Siliguri,Guwahati,443
1272,Siliguri-Guwahati Passenger,Siliguri,Guwahati,432
1273,Kolkata-Puri Intercity,Kolkata,Puri,427
1274,Kolkata-Puri Superfast,Kolkata,Puri,425
1275,Kolkata-Puri Mail,Kolkata,Puri,405
1276,Kolkata-Puri Passenger,Kolkata,Puri,422
1277,Howrah-Mumbai Intercity,Howrah,Mumbai,419
1278,Howrah-Mumbai Superfast,Howrah,Mumbai,413
1279,Howrah-Mumbai Mail,Howrah,Mumbai,431
1280,Howrah-Mumbai Passenger,Howrah,Mumbai,402
1281,Siliguri-Mumbai Intercity,Siliguri,Mumbai,598
1282,Siliguri-Mumbai Superfast,Siliguri,Mumbai,599
1283,Siliguri-Mumbai Mail,Siliguri,Mumbai,594
1284,Siliguri-Mumbai Passenger,Siliguri,Mumbai,568
1285,Sealdah-Varanasi Intercity,Sealdah,Varanasi,441
1286,Sealdah-Varanasi Superfast,Sealdah,Varanasi,445
1287,Sealdah-Varanasi Mail,Sealdah,Varanasi,432
1288,Sealdah-Varanasi Passenger,Sealdah,Varanasi,465
1289,Sealdah-Nagpur Intercity,Sealdah,Nagpur,462
1290,Sealdah-Nagpur Superfast,Sealdah,Nagpur,502
1291,Sealdah-Nagpur Mail,Sealdah,Nagpur,506
1292,Sealdah-Nagpur Passenger,Sealdah,Nagpur,490
1293,Kharagpur-Patna Intercity,Kharagpur,Patna,420
1294,Kharagpur-Patna Superfast,Kharagpur,Patna,457
1295,Kharagpur-Patna Mail,Kharagpur,Patna,444
1296,Kharagpur-Patna Passenger,Kharagpur,Patna,434
1297,Sealdah-Medinapore Intercity,Sealdah,Medinapore,444
1298,Sealdah-Medinapore Superfast,Sealdah,Medinapore,459
1299,Sealdah-Medinapore Mail,Sealdah,Medinapore,434
1300,Sealdah-Medinapore Passenger,Sealdah,Medinapore,481
1301,Howrah-Patna Intercity,Howrah,Patna,336
1302,Howrah-Patna Superfast,Howrah,Patna,309
1303,Howrah-Patna Mail,Howrah,Patna,332
1304,Howrah-Patna Passenger,Howrah,Patna,364
1305,Durgapur-Mumbai Intercity,Durgapur,Mumbai,483
1306,Durgapur-Mumbai Superfast,Durgapur,Mumbai,462
1307,Durgapur-Mumbai Mail,Durgapur,Mumbai,463
1308,Durgapur-Mumbai Passenger,Durgapur,Mumbai,505
1309,Siliguri-Mumbai Intercity,Siliguri,Mumbai,309
1310,Siliguri-Mumbai Superfast,Siliguri,Mumbai,320
1311,Siliguri-Mumbai Mail,Siliguri,Mumbai,357
1312,Siliguri-Mumbai Passenger,Siliguri,Mumbai,326
1313,Sealdah-Patna Intercity,Sealdah,Patna,488
1314,Sealdah-Patna Superfast,Sealdah,Patna,441
1315,Sealdah-Patna Mail,Sealdah,Patna,458
1316,Sealdah-Patna Passenger,Sealdah,Patna,484
1317,Asansol-Puri Intercity,Asansol,Puri,487
1318,Asansol-Puri Superfast,Asansol,Puri,518
1319,Asansol-Puri Mail,Asansol,Puri,517
1320,Asansol-Puri Passenger,Asansol,Puri,492
1321,Asansol-Varanasi Intercity,Asansol,Varanasi,475
1322,Asansol-Varanasi Superfast,Asansol,Varanasi,479
1323,Asansol-Varanasi Mail,Asansol,Varanasi,496
1324,Asansol-Varanasi Passenger,Asansol,Varanasi,483
1325,Kharagpur-Delhi Intercity,Kharagpur,Delhi,351
1326,Kharagpur-Delhi Superfast,Kharagpur,Delhi,374
1327,Kharagpur-Delhi Mail,Kharagpur,Delhi,355
1328,Kharagpur-Delhi Passenger,Kharagpur,Delhi,378
1329,Siliguri-Mumbai Intercity,Siliguri,Mumbai,526
1330,Siliguri-Mumbai Superfast,Siliguri,Mumbai,537
1331,Siliguri-Mumbai Mail,Siliguri,Mumbai,521
1332,Siliguri-Mumbai Passenger,Siliguri,Mumbai,510
1333,Howrah-Delhi Intercity,Howrah,Delhi,408
1334,Howrah-Delhi Superfast,Howrah,Delhi,384
1335,Howrah-Delhi Mail,Howrah,Delhi,388
1336,Howrah-Delhi Passenger,Howrah,Delhi,386
1337,Siliguri-Tatanagar Intercity,Siliguri,Tatanagar,497
1338,Siliguri-Tatanagar Superfast,Siliguri,Tatanagar,483
1339,Siliguri-Tatanagar Mail,Siliguri,Tatanagar,530
1340,Siliguri-Tatanagar Passenger,Siliguri,Tatanagar,536
1341,Siliguri-Mumbai Intercity,Siliguri,Mumbai,396
1342,Siliguri-Mumbai Superfast,Siliguri,Mumbai,385
1343,Siliguri-Mumbai Mail,Siliguri,Mumbai,371
1344,Siliguri-Mumbai Passenger,Siliguri,Mumbai,365
1345,Burdwan-Varanasi Intercity,Burdwan,Varanasi,528
1346,Burdwan-Varanasi Superfast,Burdwan,Varanasi,533
1347,Burdwan-Varanasi Mail,Burdwan,Varanasi,526
1348,Burdwan-Varanasi Passenger,Burdwan,Varanasi,550
1349,Durgapur-Puri Intercity,Durgapur,Puri,332
1350,Durgapur-Puri Superfast,Durgapur,Puri,280
1351,Durgapur-Puri Mail,Durgapur,Puri,298
1352,Durgapur-Puri Passenger,Durgapur,Puri,290
1353,Sealdah-Guwahati Intercity,Sealdah,Guwahati,599
1354,Sealdah-Guwahati Superfast,Sealdah,Guwahati,600
1355,Sealdah-Guwahati Mail,Sealdah,Guwahati,549
1356,Sealdah-Guwahati Passenger,Sealdah,Guwahati,571
1357,Durgapur-Chennai Intercity,Durgapur,Chennai,379
1358,Durgapur-Chennai Superfast,Durgapur,Chennai,337
1359,Durgapur-Chennai Mail,Durgapur,Chennai,382
1360,Durgapur-Chennai Passenger,Durgapur,Chennai,364
1361,Siliguri-Nagpur Intercity,Siliguri,Nagpur,314
1362,Siliguri-Nagpur Superfast,Siliguri,Nagpur,307
1363,Siliguri-Nagpur Mail,Siliguri,Nagpur,362
1364,Siliguri-Nagpur Passenger,Siliguri,Nagpur,353
1365,Kolkata-Varanasi Intercity,Kolkata,Varanasi,290
1366,Kolkata-Varanasi Superfast,Kolkata,Varanasi,284
1367,Kolkata-Varanasi Mail,Kolkata,Varanasi,310
1368,Kolkata-Varanasi Passenger,Kolkata,Varanasi,333
1369,Kharagpur-Varanasi Intercity,Kharagpur,Varanasi,600
1370,Kharagpur-Varanasi Superfast,Kharagpur,Varanasi,540
1371,Kharagpur-Varanasi Mail,Kharagpur,Varanasi,550
1372,Kharagpur-Varanasi Passenger,Kharagpur,Varanasi,594
1373,Kharagpur-Delhi Intercity,Kharagpur,Delhi,342
1374,Kharagpur-Delhi Superfast,Kharagpur,Delhi,340
1375,Kharagpur-Delhi Mail,Kharagpur,Delhi,330
1376,Kharagpur-Delhi Passenger,Kharagpur,Delhi,321
1377,Sealdah-Medinapore Intercity,Sealdah,Medinapore,508
1378,Sealdah-Medinapore Superfast,Sealdah,Medinapore,517
1379,Sealdah-Medinapore Mail,Sealdah,Medinapore,490
1380,Sealdah-Medinapore Passenger,Sealdah,Medinapore,504
1381,Sealdah-Puri Intercity,Sealdah,Puri,410
1382,Sealdah-Puri Superfast,Sealdah,Puri,400
1383,Sealdah-Puri Mail,Sealdah,Puri,413
1384,Sealdah-Puri Passenger,Sealdah,Puri,414
1385,Durgapur-Medinapore Intercity,Durgapur,Medinapore,568
1386,Durgapur-Medinapore Superfast,Durgapur,Medinapore,594
1387,Durgapur-Medinapore Mail,Durgapur,Medinapore,619
1388,Durgapur-Medinapore Passenger,Durgapur,Medinapore,577
1389,Kharagpur-Medinapore Intercity,Kharagpur,Medinapore,485
1390,Kharagpur-Medinapore Superfast,Kharagpur,Medinapore,488
1391,Kharagpur-Medinapore Mail,Kharagpur,Medinapore,447
1392,Kharagpur-Medinapore Passenger,Kharagpur,Medinapore,469
1393,Howrah-Puri Intercity,Howrah,Puri,433
1394,Howrah-Puri Superfast,Howrah,Puri,418
1395,Howrah-Puri Mail,Howrah,Puri,438
1396,Howrah-Puri Passenger,Howrah,Puri,395
1397,Kolkata-Patna Intercity,Kolkata,Patna,434
1398,Kolkata-Patna Superfast,Kolkata,Patna,447
1399,Kolkata-Patna Mail,Kolkata,Patna,447
1400,Kolkata-Patna Passenger,Kolkata,Patna,457
1401,Burdwan-Mumbai Intercity,Burdwan,Mumbai,606
1402,Burdwan-Mumbai Superfast,Burdwan,Mumbai,578
1403,Burdwan-Mumbai Mail,Burdwan,Mumbai,566
1404,Burdwan-Mumbai Passenger,Burdwan,Mumbai,566
1405,Kharagpur-Nagpur Intercity,Kharagpur,Nagpur,530
1406,Kharagpur-Nagpur Superfast,Kharagpur,Nagpur,549
1407,Kharagpur-Nagpur Mail,Kharagpur,Nagpur,538
1408,Kharagpur-Nagpur Passenger,Kharagpur,Nagpur,526
1409,Sealdah-Mumbai Intercity,Sealdah,Mumbai,474
1410,Sealdah-Mumbai Superfast,Sealdah,Mumbai,477
1411,Sealdah-Mumbai Mail,Sealdah,Mumbai,494
1412,Sealdah-Mumbai Passenger,Sealdah,Mumbai,480
1413,Asansol-Chennai Intercity,Asansol,Chennai,517
1414,Asansol-Chennai Superfast,Asansol,Chennai,547
1415,Asansol-Chennai Mail,Asansol,Chennai,528
1416,Asansol-Chennai Passenger,Asansol,Chennai,538
1417,Kolkata-Puri Intercity,Kolkata,Puri,531
1418,Kolkata-Puri Superfast,Kolkata,Puri,531
1419,Kolkata-Puri Mail,Kolkata,Puri,478
1420,Kolkata-Puri Passenger,Kolkata,Puri,471
1421,Sealdah-Patna Intercity,Sealdah,Patna,556
1422,Sealdah-Patna Superfast,Sealdah,Patna,585
1423,Sealdah-Patna Mail,Sealdah,Patna,563
1424,Sealdah-Patna Passenger,Sealdah,Patna,603
1425,Howrah-Delhi Intercity,Howrah,Delhi,536
1426,Howrah-Delhi Superfast,Howrah,Delhi,535
1427,Howrah-Delhi Mail,Howrah,Delhi,533
1428,Howrah-Delhi Passenger,Howrah,Delhi,551
1429,Sealdah-Mumbai Intercity,Sealdah,Mumbai,514
1430,Sealdah-Mumbai Superfast,Sealdah,Mumbai,556
1431,Sealdah-Mumbai Mail,Sealdah,Mumbai,502
1432,Sealdah-Mumbai Passenger,Sealdah,Mumbai,531
1433,Durgapur-Delhi Intercity,Durgapur,Delhi,457
1434,Durgapur-Delhi Superfast,Durgapur,Delhi,500
1435,Durgapur-Delhi Mail,Durgapur,Delhi,448
1436,Durgapur-Delhi Passenger,Durgapur,Delhi,468
1437,Kharagpur-Medinapore Intercity,Kharagpur,Medinapore,590
1438,Kharagpur-Medinapore Superfast,Kharagpur,Medinapore,588
1439,Kharagpur-Medinapore Mail,Kharagpur,Medinapore,549
1440,Kharagpur-Medinapore Passenger,Kharagpur,Medinapore,548
1441,Burdwan-Guwahati Intercity,Burdwan,Guwahati,431
1442,Burdwan-Guwahati Superfast,Burdwan,Guwahati,397
1443,Burdwan-Guwahati Mail,Burdwan,Guwahati,420
1444,Burdwan-Guwahati Passenger,Burdwan,Guwahati,436
1445,Kharagpur-Puri Intercity,Kharagpur,Puri,423
1446,Kharagpur-Puri Superfast,Kharagpur,Puri,443
1447,Kharagpur-Puri Mail,Kharagpur,Puri,444
1448,Kharagpur-Puri Passenger,Kharagpur,Puri,470
1449,Durgapur-Tatanagar Intercity,Durgapur,Tatanagar,525
1450,Durgapur-Tatanagar Superfast,Durgapur,Tatanagar,490
1451,Durgapur-Tatanagar Mail,Durgapur,Tatanagar,499
1452,Durgapur-Tatanagar Passenger,Durgapur,Tatanagar,517
1453,Asansol-Tatanagar Intercity,Asansol,Tatanagar,578
1454,Asansol-Tatanagar Superfast,Asansol,Tatanagar,560
1455,Asansol-Tatanagar Mail,Asansol,Tatanagar,581
1456,Asansol-Tatanagar Passenger,Asansol,Tatanagar,587
1457,Asansol-Delhi Intercity,Asansol,Delhi,355
1458,Asansol-Delhi Superfast,Asansol,Delhi,354
1459,Asansol-Delhi Mail,Asansol,Delhi,409
1460,Asansol-Delhi Passenger,Asansol,Delhi,382
1461,Kolkata-Varanasi Intercity,Kolkata,Varanasi,572
1462,Kolkata-Varanasi Superfast,Kolkata,Varanasi,585
1463,Kolkata-Varanasi Mail,Kolkata,Varanasi,543
1464,Kolkata-Varanasi Passenger,Kolkata,Varanasi,581
1465,Siliguri-Chennai Intercity,Siliguri,Chennai,527
1466,Siliguri-Chennai Superfast,Siliguri,Chennai,554
1467,Siliguri-Chennai Mail,Siliguri,Chennai,552
1468,Siliguri-Chennai Passenger,Siliguri,Chennai,534
1469,Siliguri-Mumbai Intercity,Siliguri,Mumbai,555
1470,Siliguri-Mumbai Superfast,Siliguri,Mumbai,557
1471,Siliguri-Mumbai Mail,Siliguri,Mumbai,520
1472,Siliguri-Mumbai Passenger,Siliguri,Mumbai,522
1473,Durgapur-Nagpur Intercity,Durgapur,Nagpur,431
1474,Durgapur-Nagpur Superfast,Durgapur,Nagpur,459
1475,Durgapur-Nagpur Mail,Durgapur,Nagpur,459
1476,Durgapur-Nagpur Passenger,Durgapur,Nagpur,459
1477,Asansol-Guwahati Intercity,Asansol,Guwahati,486
1478,Asansol-Guwahati Superfast,Asansol,Guwahati,504
1479,Asansol-Guwahati Mail,Asansol,Guwahati,504
1480,Asansol-Guwahati Passenger,Asansol,Guwahati,511
1481,Burdwan-Delhi Intercity,Burdwan,Delhi,330
1482,Burdwan-Delhi Superfast,Burdwan,Delhi,331
1483,Burdwan-Delhi Mail,Burdwan,Delhi,313
1484,Burdwan-Delhi Passenger,Burdwan,Delhi,368
1485,Durgapur-Patna Intercity,Durgapur,Patna,331
1486,Durgapur-Patna Superfast,Durgapur,Patna,332
1487,Durgapur-Patna Mail,Durgapur,Patna,331
1488,Durgapur-Patna Passenger,Durgapur,Patna,344
1489,Kharagpur-Chennai Intercity,Kharagpur,Chennai,507
1490,Kharagpur-Chennai Superfast,Kharagpur,Chennai,511
1491,Kharagpur-Chennai Mail,Kharagpur,Chennai,542
1492,Kharagpur-Chennai Passenger,Kharagpur,Chennai,511
1493,Kolkata-Chennai Intercity,Kolkata,Chennai,292
1494,Kolkata-Chennai Superfast,Kolkata,Chennai,290
1495,Kolkata-Chennai Mail,Kolkata,Chennai,332
1496,Kolkata-Chennai Passenger,Kolkata,Chennai,273
1497,Howrah-Guwahati Intercity,Howrah,Guwahati,442
1498,Howrah-Guwahati Superfast,Howrah,Guwahati,440
1499,Howrah-Guwahati Mail,Howrah,Guwahati,414
1500,Howrah-Guwahati Passenger,Howrah,Guwahati,445
1501,Durgapur-Varanasi Intercity,Durgapur,Varanasi,408
1502,Durgapur-Varanasi Superfast,Durgapur,Varanasi,363
1503,Durgapur-Varanasi Mail,Durgapur,Varanasi,375
1504,Durgapur-Varanasi Passenger,Durgapur,Varanasi,413
1505,Sealdah-Puri Intercity,Sealdah,Puri,502
1506,Sealdah-Puri Superfast,Sealdah,Puri,473
1507,Sealdah-Puri Mail,Sealdah,Puri,478
1508,Sealdah-Puri Passenger,Sealdah,Puri,505
1509,Kharagpur-Delhi Intercity,Kharagpur,Delhi,598
1510,Kharagpur-Delhi Superfast,Kharagpur,Delhi,613
1511,Kharagpur-Delhi Mail,Kharagpur,Delhi,568
1512,Kharagpur-Delhi Passenger,Kharagpur,Delhi,600
1513,Howrah-Puri Intercity,Howrah,Puri,519
1514,Howrah-Puri Superfast,Howrah,Puri,579
1515,Howrah-Puri Mail,Howrah,Puri,564
1516,Howrah-Puri Passenger,Howrah,Puri,520
1517,Asansol-Nagpur Intercity,Asansol,Nagpur,472
1518,Asansol-Nagpur Superfast,Asansol,Nagpur,454
1519,Asansol-Nagpur Mail,Asansol,Nagpur,479
1520,Asansol-Nagpur Passenger,Asansol,Nagpur,455
1521,Howrah-Varanasi Intercity,Howrah,Varanasi,597
1522,Howrah-Varanasi Superfast,Howrah,Varanasi,622
1523,Howrah-Varanasi Mail,Howrah,Varanasi,590
1524,Howrah-Varanasi Passenger,Howrah,Varanasi,620
1525,Burdwan-Puri Intercity,Burdwan,Puri,401
1526,Burdwan-Puri Superfast,Burdwan,Puri,386
1527,Burdwan-Puri Mail,Burdwan,Puri,378
1528,Burdwan-Puri Passenger,Burdwan,Puri,405
1529,Sealdah-Puri Intercity,Sealdah,Puri,534
1530,Sealdah-Puri Superfast,Sealdah,Puri,488
1531,Sealdah-Puri Mail,Sealdah,Puri,510
1532,Sealdah-Puri Passenger,Sealdah,Puri,502
1533,Kolkata-Delhi Intercity,Kolkata,Delhi,526
1534,Kolkata-Delhi Superfast,Kolkata,Delhi,525
1535,Kolkata-Delhi Mail,Kolkata,Delhi,509
1536,Kolkata-Delhi Passenger,Kolkata,Delhi,533
1537,Howrah-Delhi Intercity,Howrah,Delhi,415
1538,Howrah-Delhi Superfast,Howrah,Delhi,435
1539,Howrah-Delhi Mail,Howrah,Delhi,432
1540,Howrah-Delhi Passenger,Howrah,Delhi,410
1541,Kharagpur-Chennai Intercity,Kharagpur,Chennai,354
1542,Kharagpur-Chennai Superfast,Kharagpur,Chennai,412
1543,Kharagpur-Chennai Mail,Kharagpur,Chennai,361
1544,Kharagpur-Chennai Passenger,Kharagpur,Chennai,391
1545,Siliguri-Chennai Intercity,Siliguri,Chennai,593
1546,Siliguri-Chennai Superfast,Siliguri,Chennai,625
1547,Siliguri-Chennai Mail,Siliguri,Chennai,619
1548,Siliguri-Chennai Passenger,Siliguri,Chennai,611
1549,Burdwan-Patna Intercity,Burdwan,Patna,313
1550,Burdwan-Patna Superfast,Burdwan,Patna,323
1551,Burdwan-Patna Mail,Burdwan,Patna,354
1552,Burdwan-Patna Passenger,Burdwan,Patna,334
1553,Burdwan-Varanasi Intercity,Burdwan,Varanasi,550
1554,Burdwan-Varanasi Superfast,Burdwan,Varanasi,524
1555,Burdwan-Varanasi Mail,Burdwan,Varanasi,545
1556,Burdwan-Varanasi Passenger,Burdwan,Varanasi,519
1557,Kolkata-Guwahati Intercity,Kolkata,Guwahati,540
1558,Kolkata-Guwahati Superfast,Kolkata,Guwahati,541
1559,Kolkata-Guwahati Mail,Kolkata,Guwahati,547
1560,Kolkata-Guwahati Passenger,Kolkata,Guwahati,549
1561,Asansol-Puri Intercity,Asansol,Puri,451
1562,Asansol-Puri Superfast,Asansol,Puri,488
1563,Asansol-Puri Mail,Asansol,Puri,487
1564,Asansol-Puri Passenger,Asansol,Puri,462
1565,Durgapur-Delhi Intercity,Durgapur,Delhi,543
1566,Durgapur-Delhi Superfast,Durgapur,Delhi,529
1567,Durgapur-Delhi Mail,Durgapur,Delhi,566
1568,Durgapur-Delhi Passenger,Durgapur,Delhi,586
1569,Siliguri-Chennai Intercity,Siliguri,Chennai,483
1570,Siliguri-Chennai Superfast,Siliguri,Chennai,472
1571,Siliguri-Chennai Mail,Siliguri,Chennai,474
1572,Siliguri-Chennai Passenger,Siliguri,Chennai,504
1573,Howrah-Chennai Intercity,Howrah,Chennai,387
1574,Howrah-Chennai Superfast,Howrah,Chennai,408
1575,Howrah-Chennai Mail,Howrah,Chennai,363
1576,Howrah-Chennai Passenger,Howrah,Chennai,415
1577,Burdwan-Puri Intercity,Burdwan,Puri,292
1578,Burdwan-Puri Superfast,Burdwan,Puri,293
1579,Burdwan-Puri Mail,Burdwan,Puri,298
1580,Burdwan-Puri Passenger,Burdwan,Puri,327
1581,Kharagpur-Tatanagar Intercity,Kharagpur,Tatanagar,347
1582,Kharagpur-Tatanagar Superfast,Kharagpur,Tatanagar,351
1583,Kharagpur-Tatanagar Mail,Kharagpur,Tatanagar,339
1584,Kharagpur-Tatanagar Passenger,Kharagpur,Tatanagar,343
1585,Kharagpur-Patna Intercity,Kharagpur,Patna,576
1586,Kharagpur-Patna Superfast,Kharagpur,Patna,585
1587,Kharagpur-Patna Mail,Kharagpur,Patna,582
1588,Kharagpur-Patna Passenger,Kharagpur,Patna,594
1589,Sealdah-Puri Intercity,Sealdah,Puri,582
1590,Sealdah-Puri Superfast,Sealdah,Puri,551
1591,Sealdah-Puri Mail,Sealdah,Puri,567
1592,Sealdah-Puri Passenger,Sealdah,Puri,563
1593,Kharagpur-Mumbai Intercity,Kharagpur,Mumbai,492
1594,Kharagpur-Mumbai Superfast,Kharagpur,Mumbai,493
1595,Kharagpur-Mumbai Mail,Kharagpur,Mumbai,493
1596,Kharagpur-Mumbai Passenger,Kharagpur,Mumbai,529
1597,Siliguri-Nagpur Intercity,Siliguri,Nagpur,315
1598,Siliguri-Nagpur Superfast,Siliguri,Nagpur,333
1599,Siliguri-Nagpur Mail,Siliguri,Nagpur,305
1600,Siliguri-Nagpur Passenger,Siliguri,Nagpur,316
1601,Siliguri-Medinapore Intercity,Siliguri,Medinapore,431
1602,Siliguri-Medinapore Superfast,Siliguri,Medinapore,416
1603,Siliguri-Medinapore Mail,Siliguri,Medinapore,410
1604,Siliguri-Medinapore Passenger,Siliguri,Medinapore,459
1605,Asansol-Varanasi Intercity,Asansol,Varanasi,388
1606,Asansol-Varanasi Superfast,Asansol,Varanasi,381
1607,Asansol-Varanasi Mail,Asansol,Varanasi,376
1608,Asansol-Varanasi Passenger,Asansol,Varanasi,410
1609,Asansol-Mumbai Intercity,Asansol,Mumbai,366
1610,Asansol-Mumbai Superfast,Asansol,Mumbai,364
1611,Asansol-Mumbai Mail,Asansol,Mumbai,352
1612,Asansol-Mumbai Passenger,Asansol,Mumbai,379
1613,Burdwan-Nagpur Intercity,Burdwan,Nagpur,552
1614,Burdwan-Nagpur Superfast,Burdwan,Nagpur,592
1615,Burdwan-Nagpur Mail,Burdwan,Nagpur,544
1616,Burdwan-Nagpur Passenger,Burdwan,Nagpur,591
1617,Siliguri-Mumbai Intercity,Siliguri,Mumbai,423
1618,Siliguri-Mumbai Superfast,Siliguri,Mumbai,385
1619,Siliguri-Mumbai Mail,Siliguri,Mumbai,421
1620,Siliguri-Mumbai Passenger,Siliguri,Mumbai,400
1621,Asansol-Puri Intercity,Asansol,Puri,522
1622,Asansol-Puri Superfast,Asansol,Puri,511
1623,Asansol-Puri Mail,Asansol,Puri,518
1624,Asansol-Puri Passenger,Asansol,Puri,559
1625,Sealdah-Delhi Intercity,Sealdah,Delhi,349
1626,Sealdah-Delhi Superfast,Sealdah,Delhi,359
1627,Sealdah-Delhi Mail,Sealdah,Delhi,389
1628,Sealdah-Delhi Passenger,Sealdah,Delhi,400
1629,Howrah-Tatanagar Intercity,Howrah,Tatanagar,421
1630,Howrah-Tatanagar Superfast,Howrah,Tatanagar,462
1631,Howrah-Tatanagar Mail,Howrah,Tatanagar,455
1632,Howrah-Tatanagar Passenger,Howrah,Tatanagar,449
1633,Kolkata-Mumbai Intercity,Kolkata,Mumbai,420
1634,Kolkata-Mumbai Superfast,Kolkata,Mumbai,438
1635,Kolkata-Mumbai Mail,Kolkata,Mumbai,419
1636,Kolkata-Mumbai Passenger,Kolkata,Mumbai,413
1637,Kolkata-Delhi Intercity,Kolkata,Delhi,457
1638,Kolkata-Delhi Superfast,Kolkata,Delhi,459
1639,Kolkata-Delhi Mail,Kolkata,Delhi,459
1640,Kolkata-Delhi Passenger,Kolkata,Delhi,450
1641,Siliguri-Delhi Intercity,Siliguri,Delhi,368
1642,Siliguri-Delhi Superfast,Siliguri,Delhi,379
1643,Siliguri-Delhi Mail,Siliguri,Delhi,403
1644,Siliguri-Delhi Passenger,Siliguri,Delhi,411
1645,Sealdah-Medinapore Intercity,Sealdah,Medinapore,454
1646,Sealdah-Medinapore Superfast,Sealdah,Medinapore,458
1647,Sealdah-Medinapore Mail,Sealdah,Medinapore,410
1648,Sealdah-Medinapore Passenger,Sealdah,Medinapore,460
1649,Sealdah-Guwahati Intercity,Sealdah,Guwahati,503
1650,Sealdah-Guwahati Superfast,Sealdah,Guwahati,538
1651,Sealdah-Guwahati Mail,Sealdah,Guwahati,538
1652,Sealdah-Guwahati Passenger,Sealdah,Guwahati,506
1653,Kharagpur-Guwahati Intercity,Kharagpur,Guwahati,531
1654,Kharagpur-Guwahati Superfast,Kharagpur,Guwahati,550
1655,Kharagpur-Guwahati Mail,Kharagpur,Guwahati,537
1656,Kharagpur-Guwahati Passenger,Kharagpur,Guwahati,537
1657,Burdwan-Varanasi Intercity,Burdwan,Varanasi,489
1658,Burdwan-Varanasi Superfast,Burdwan,Varanasi,483
1659,Burdwan-Varanasi Mail,Burdwan,Varanasi,442
1660,Burdwan-Varanasi Passenger,Burdwan,Varanasi,487
1661,Howrah-Patna Intercity,Howrah,Patna,365
1662,Howrah-Patna Superfast,Howrah,Patna,333
1663,Howrah-Patna Mail,Howrah,Patna,330
1664,Howrah-Patna Passenger,Howrah,Patna,320
1665,Sealdah-Nagpur Intercity,Sealdah,Nagpur,604
1666,Sealdah-Nagpur Superfast,Sealdah,Nagpur,579
1667,Sealdah-Nagpur Mail,Sealdah,Nagpur,568
1668,Sealdah-Nagpur Passenger,Sealdah,Nagpur,582
1669,Asansol-Nagpur Intercity,Asansol,Nagpur,401
1670,Asansol-Nagpur Superfast,Asansol,Nagpur,423
1671,Asansol-Nagpur Mail,Asansol,Nagpur,402
1672,Asansol-Nagpur Passenger,Asansol,Nagpur,446
1673,Kolkata-Delhi Intercity,Kolkata,Delhi,598
1674,Kolkata-Delhi Superfast,Kolkata,Delhi,595
1675,Kolkata-Delhi Mail,Kolkata,Delhi,597
1676,Kolkata-Delhi Passenger,Kolkata,Delhi,592
1677,Howrah-Nagpur Intercity,Howrah,Nagpur,450
1678,Howrah-Nagpur Superfast,Howrah,Nagpur,412
1679,Howrah-Nagpur Mail,Howrah,Nagpur,406
1680,Howrah-Nagpur Passenger,Howrah,Nagpur,417
1681,Kharagpur-Puri Intercity,Kharagpur,Puri,440
1682,Kharagpur-Puri Superfast,Kharagpur,Puri,441
1683,Kharagpur-Puri Mail,Kharagpur,Puri,448
1684,Kharagpur-Puri Passenger,Kharagpur,Puri,429
1685,Burdwan-Puri Intercity,Burdwan,Puri,313
1686,Burdwan-Puri Superfast,Burdwan,Puri,352
1687,Burdwan-Puri Mail,Burdwan,Puri,361
1688,Burdwan-Puri Passenger,Burdwan,Puri,330
1689,Howrah-Patna Intercity,Howrah,Patna,308
1690,Howrah-Patna Superfast,Howrah,Patna,357
1691,Howrah-Patna Mail,Howrah,Patna,335
1692,Howrah-Patna Passenger,Howrah,Patna,312
1693,Kolkata-Medinapore Intercity,Kolkata,Medinapore,396
1694,Kolkata-Medinapore Superfast,Kolkata,Medinapore,376
1695,Kolkata-Medinapore Mail,Kolkata,Medinapore,370
1696,Kolkata-Medinapore Passenger,Kolkata,Medinapore,409
1697,Kharagpur-Delhi Intercity,Kharagpur,Delhi,464
1698,Kharagpur-Delhi Superfast,Kharagpur,Delhi,422
1699,Kharagpur-Delhi Mail,Kharagpur,Delhi,435
1700,Kharagpur-Delhi Passenger,Kharagpur,Delhi,447
1701,Kolkata-Puri Intercity,Kolkata,Puri,574
1702,Kolkata-Puri Superfast,Kolkata,Puri,542
1703,Kolkata-Puri Mail,Kolkata,Puri,568
1704,Kolkata-Puri Passenger,Kolkata,Puri,599
1705,Sealdah-Mumbai Intercity,Sealdah,Mumbai,553
1706,Sealdah-Mumbai Superfast,Sealdah,Mumbai,549
1707,Sealdah-Mumbai Mail,Sealdah,Mumbai,599
1708,Sealdah-Mumbai Passenger,Sealdah,Mumbai,554
1709,Siliguri-Delhi Intercity,Siliguri,Delhi,496
1710,Siliguri-Delhi Superfast,Siliguri,Delhi,498
1711,Siliguri-Delhi Mail,Siliguri,Delhi,532
1712,Siliguri-Delhi Passenger,Siliguri,Delhi,530
1713,Burdwan-Mumbai Intercity,Burdwan,Mumbai,472
1714,Burdwan-Mumbai Superfast,Burdwan,Mumbai,465
1715,Burdwan-Mumbai Mail,Burdwan,Mumbai,480
1716,Burdwan-Mumbai Passenger,Burdwan,Mumbai,457
1717,Kolkata-Guwahati Intercity,Kolkata,Guwahati,390
1718,Kolkata-Guwahati Superfast,Kolkata,Guwahati,406
1719,Kolkata-Guwahati Mail,Kolkata,Guwahati,393
1720,Kolkata-Guwahati Passenger,Kolkata,Guwahati,379
1721,Durgapur-Guwahati Intercity,Durgapur,Guwahati,431
1722,Durgapur-Guwahati Superfast,Durgapur,Guwahati,435
1723,Durgapur-Guwahati Mail,Durgapur,Guwahati,473
1724,Durgapur-Guwahati Passenger,Durgapur,Guwahati,456
1725,Durgapur-Patna Intercity,Durgapur,Patna,433
1726,Durgapur-Patna Superfast,Durgapur,Patna,451
1727,Durgapur-Patna Mail,Durgapur,Patna,460
1728,Durgapur-Patna Passenger,Durgapur,Patna,450
1729,Sealdah-Delhi Intercity,Sealdah,Delhi,356
1730,Sealdah-Delhi Superfast,Sealdah,Delhi,394
1731,Sealdah-Delhi Mail,Sealdah,Delhi,343
1732,Sealdah-Delhi Passenger,Sealdah,Delhi,376
1733,Howrah-Guwahati Intercity,Howrah,Guwahati,567
1734,Howrah-Guwahati Superfast,Howrah,Guwahati,610
1735,Howrah-Guwahati Mail,Howrah,Guwahati,603
1736,Howrah-Guwahati Passenger,Howrah,Guwahati,566
1737,Burdwan-Varanasi Intercity,Burdwan,Varanasi,469
1738,Burdwan-Varanasi Superfast,Burdwan,Varanasi,474
1739,Burdwan-Varanasi Mail,Burdwan,Varanasi,443
1740,Burdwan-Varanasi Passenger,Burdwan,Varanasi,486
1741,Kolkata-Mumbai Intercity,Kolkata,Mumbai,294
1742,Kolkata-Mumbai Superfast,Kolkata,Mumbai,287
1743,Kolkata-Mumbai Mail,Kolkata,Mumbai,287
1744,Kolkata-Mumbai Passenger,Kolkata,Mumbai,298
1745,Sealdah-Chennai Intercity,Sealdah,Chennai,564
1746,Sealdah-Chennai Superfast,Sealdah,Chennai,561
1747,Sealdah-Chennai Mail,Sealdah,Chennai,603
1748,Sealdah-Chennai Passenger,Sealdah,Chennai,602
1749,Kolkata-Patna Intercity,Kolkata,Patna,457
1750,Kolkata-Patna Superfast,Kolkata,Patna,445
1751,Kolkata-Patna Mail,Kolkata,Patna,476
1752,Kolkata-Patna Passenger,Kolkata,Patna,466
1753,Siliguri-Varanasi Intercity,Siliguri,Varanasi,306
1754,Siliguri-Varanasi Superfast,Siliguri,Varanasi,324
1755,Siliguri-Varanasi Mail,Siliguri,Varanasi,302
1756,Siliguri-Varanasi Passenger,Siliguri,Varanasi,312
1757,Burdwan-Guwahati Intercity,Burdwan,Guwahati,534
1758,Burdwan-Guwahati Superfast,Burdwan,Guwahati,532
1759,Burdwan-Guwahati Mail,Burdwan,Guwahati,573
1760,Burdwan-Guwahati Passenger,Burdwan,Guwahati,540
1761,Asansol-Chennai Intercity,Asansol,Chennai,450
1762,Asansol-Chennai Superfast,Asansol,Chennai,450
1763,Asansol-Chennai Mail,Asansol,Chennai,398
1764,Asansol-Chennai Passenger,Asansol,Chennai,443
1765,Kolkata-Delhi Intercity,Kolkata,Delhi,505
1766,Kolkata-Delhi Superfast,Kolkata,Delhi,550
1767,Kolkata-Delhi Mail,Kolkata,Delhi,529
1768,Kolkata-Delhi Passenger,Kolkata,Delhi,550
1769,Howrah-Mumbai Intercity,Howrah,Mumbai,478
1770,Howrah-Mumbai Superfast,Howrah,Mumbai,497
1771,Howrah-Mumbai Mail,Howrah,Mumbai,509
1772,Howrah-Mumbai Passenger,Howrah,Mumbai,508
1773,Siliguri-Nagpur Intercity,Siliguri,Nagpur,505
1774,Siliguri-Nagpur Superfast,Siliguri,Nagpur,472
1775,Siliguri-Nagpur Mail,Siliguri,Nagpur,503
1776,Siliguri-Nagpur Passenger,Siliguri,Nagpur,468
1777,Asansol-Guwahati Intercity,Asansol,Guwahati,525
1778,Asansol-Guwahati Superfast,Asansol,Guwahati,527
1779,Asansol-Guwahati Mail,Asansol,Guwahati,536
1780,Asansol-Guwahati Passenger,Asansol,Guwahati,520
1781,Andhra Pradesh-Telangana InterState Express,Andhra Pradesh,Telangana,564
1782,Andhra Pradesh-Tamil Nadu InterState Superfast,Andhra Pradesh,Tamil Nadu,548
1783,Andhra Pradesh-Karnataka InterState Mail,Andhra Pradesh,Karnataka,512
1784,Andhra Pradesh-Maharashtra InterState Passenger,Andhra Pradesh,Maharashtra,495
1785,Arunachal Pradesh-Assam InterState Express,Arunachal Pradesh,Assam,468
1786,Arunachal Pradesh-West Bengal InterState Superfast,Arunachal Pradesh,West Bengal,442
1787,Arunachal Pradesh-Sikkim InterState Mail,Arunachal Pradesh,Sikkim,421
1788,Arunachal Pradesh-Nagaland InterState Passenger,Arunachal Pradesh,Nagaland,436
1789,Assam-West Bengal InterState Express,Assam,West Bengal,558
1790,Assam-Bihar InterState Superfast,Assam,Bihar,536
1791,Assam-Meghalaya InterState Mail,Assam,Meghalaya,509
1792,Assam-Tripura InterState Passenger,Assam,Tripura,527
1793,Bihar-Uttar Pradesh InterState Express,Bihar,Uttar Pradesh,592
1794,Bihar-West Bengal InterState Superfast,Bihar,West Bengal,551
1795,Bihar-Jharkhand InterState Mail,Bihar,Jharkhand,505
1796,Bihar-Chhattisgarh InterState Passenger,Bihar,Chhattisgarh,489
1797,Chhattisgarh-Maharashtra InterState Express,Chhattisgarh,Maharashtra,546
1798,Chhattisgarh-Odisha InterState Superfast,Chhattisgarh,Odisha,528
1799,Chhattisgarh-Madhya Pradesh InterState Mail,Chhattisgarh,Madhya Pradesh,514
1800,Chhattisgarh-Jharkhand InterState Passenger,Chhattisgarh,Jharkhand,472
1801,Goa-Maharashtra InterState Express,Goa,Maharashtra,438
1802,Goa-Karnataka InterState Superfast,Goa,Karnataka,452
1803,Goa-Gujarat InterState Mail,Goa,Gujarat,417
1804,Goa-Kerala InterState Passenger,Goa,Kerala,404
1805,Gujarat-Maharashtra InterState Express,Gujarat,Maharashtra,599
1806,Gujarat-Rajasthan InterState Superfast,Gujarat,Rajasthan,583
1807,Gujarat-Madhya Pradesh InterState Mail,Gujarat,Madhya Pradesh,556
1808,Gujarat-Goa InterState Passenger,Gujarat,Goa,525
1809,Haryana-Punjab InterState Express,Haryana,Punjab,486
1810,Haryana-Rajasthan InterState Superfast,Haryana,Rajasthan,461
1811,Haryana-Uttar Pradesh InterState Mail,Haryana,Uttar Pradesh,442
1812,Haryana-Himachal Pradesh InterState Passenger,Haryana,Himachal Pradesh,429
1813,Himachal Pradesh-Punjab InterState Express,Himachal Pradesh,Punjab,418
1814,Himachal Pradesh-Haryana InterState Superfast,Himachal Pradesh,Haryana,402
1815,Himachal Pradesh-Uttarakhand InterState Mail,Himachal Pradesh,Uttarakhand,396
1816,Himachal Pradesh-Rajasthan InterState Passenger,Himachal Pradesh,Rajasthan,388
1817,Jharkhand-West Bengal InterState Express,Jharkhand,West Bengal,572
1818,Jharkhand-Bihar InterState Superfast,Jharkhand,Bihar,549
1819,Jharkhand-Odisha InterState Mail,Jharkhand,Odisha,523
1820,Jharkhand-Chhattisgarh InterState Passenger,Jharkhand,Chhattisgarh,505
1821,Karnataka-Maharashtra InterState Express,Karnataka,Maharashtra,611
1822,Karnataka-Telangana InterState Superfast,Karnataka,Telangana,584
1823,Karnataka-Andhra Pradesh InterState Mail,Karnataka,Andhra Pradesh,558
1824,Karnataka-Kerala InterState Passenger,Karnataka,Kerala,532
1825,Kerala-Tamil Nadu InterState Express,Kerala,Tamil Nadu,520
1826,Kerala-Karnataka InterState Superfast,Kerala,Karnataka,506
1827,Kerala-Maharashtra InterState Mail,Kerala,Maharashtra,489
1828,Kerala-Goa InterState Passenger,Kerala,Goa,472
1829,Madhya Pradesh-Maharashtra InterState Express,Madhya Pradesh,Maharashtra,603
1830,Madhya Pradesh-Uttar Pradesh InterState Superfast,Madhya Pradesh,Uttar Pradesh,575
1831,Madhya Pradesh-Rajasthan InterState Mail,Madhya Pradesh,Rajasthan,551
1832,Madhya Pradesh-Chhattisgarh InterState Passenger,Madhya Pradesh,Chhattisgarh,529
1833,Maharashtra-Gujarat InterState Express,Maharashtra,Gujarat,590
1834,Maharashtra-Madhya Pradesh InterState Superfast,Maharashtra,Madhya Pradesh,566
1835,Maharashtra-Telangana InterState Mail,Maharashtra,Telangana,548
1836,Maharashtra-Karnataka InterState Passenger,Maharashtra,Karnataka,536
1837,Manipur-Assam InterState Express,Manipur,Assam,412
1838,Manipur-Nagaland InterState Superfast,Manipur,Nagaland,399
1839,Manipur-Mizoram InterState Mail,Manipur,Mizoram,388
1840,Manipur-Tripura InterState Passenger,Manipur,Tripura,381
1841,Meghalaya-Assam InterState Express,Meghalaya,Assam,436
1842,Meghalaya-Tripura InterState Superfast,Meghalaya,Tripura,418
1843,Meghalaya-West Bengal InterState Mail,Meghalaya,West Bengal,404
1844,Meghalaya-Mizoram InterState Passenger,Meghalaya,Mizoram,392
1845,Mizoram-Tripura InterState Express,Mizoram,Tripura,376
1846,Mizoram-Manipur InterState Superfast,Mizoram,Manipur,365
1847,Mizoram-Assam InterState Mail,Mizoram,Assam,354
1848,Mizoram-Meghalaya InterState Passenger,Mizoram,Meghalaya,349
1849,Nagaland-Assam InterState Express,Nagaland,Assam,442
1850,Nagaland-Manipur InterState Superfast,Nagaland,Manipur,431
1851,Nagaland-Arunachal Pradesh InterState Mail,Nagaland,Arunachal Pradesh,419
1852,Nagaland-Meghalaya InterState Passenger,Nagaland,Meghalaya,408
1853,Odisha-West Bengal InterState Express,Odisha,West Bengal,586
1854,Odisha-Andhra Pradesh InterState Superfast,Odisha,Andhra Pradesh,563
1855,Odisha-Chhattisgarh InterState Mail,Odisha,Chhattisgarh,547
1856,Odisha-Jharkhand InterState Passenger,Odisha,Jharkhand,528
1857,Punjab-Haryana InterState Express,Punjab,Haryana,474
1858,Punjab-Rajasthan InterState Superfast,Punjab,Rajasthan,466
1859,Punjab-Himachal Pradesh InterState Mail,Punjab,Himachal Pradesh,452
1860,Punjab-Uttar Pradesh InterState Passenger,Punjab,Uttar Pradesh,439
1861,Rajasthan-Gujarat InterState Express,Rajasthan,Gujarat,599
1862,Rajasthan-Madhya Pradesh InterState Superfast,Rajasthan,Madhya Pradesh,577
1863,Rajasthan-Uttar Pradesh InterState Mail,Rajasthan,Uttar Pradesh,561
1864,Rajasthan-Haryana InterState Passenger,Rajasthan,Haryana,549
1865,Sikkim-West Bengal InterState Express,Sikkim,West Bengal,402
1866,Sikkim-Assam InterState Superfast,Sikkim,Assam,396
1867,Sikkim-Bihar InterState Mail,Sikkim,Bihar,384
1868,Sikkim-Arunachal Pradesh InterState Passenger,Sikkim,Arunachal Pradesh,372
1869,Tamil Nadu-Kerala InterState Express,Tamil Nadu,Kerala,612
1870,Tamil Nadu-Karnataka InterState Superfast,Tamil Nadu,Karnataka,597
1871,Tamil Nadu-Andhra Pradesh InterState Mail,Tamil Nadu,Andhra Pradesh,575
1872,Tamil Nadu-Telangana InterState Passenger,Tamil Nadu,Telangana,559
1873,Telangana-Andhra Pradesh InterState Express,Telangana,Andhra Pradesh,586
1874,Telangana-Maharashtra InterState Superfast,Telangana,Maharashtra,569
1875,Telangana-Karnataka InterState Mail,Telangana,Karnataka,548
1876,Telangana-Chhattisgarh InterState Passenger,Telangana,Chhattisgarh,529
1877,Tripura-Assam InterState Express,Tripura,Assam,418
1878,Tripura-Meghalaya InterState Superfast,Tripura,Meghalaya,404
1879,Tripura-Mizoram InterState Mail,Tripura,Mizoram,396
1880,Tripura-West Bengal InterState Passenger,Tripura,West Bengal,389
1881,Uttar Pradesh-Uttarakhand InterState Express,Uttar Pradesh,Uttarakhand,605
1882,Uttar Pradesh-Madhya Pradesh InterState Superfast,Uttar Pradesh,Madhya Pradesh,589
1883,Uttar Pradesh-Rajasthan InterState Mail,Uttar Pradesh,Rajasthan,571
1884,Uttar Pradesh-Bihar InterState Passenger,Uttar Pradesh,Bihar,556
1885,Uttarakhand-Uttar Pradesh InterState Express,Uttarakhand,Uttar Pradesh,446
1886,Uttarakhand-Himachal Pradesh InterState Superfast,Uttarakhand,Himachal Pradesh,432
1887,Uttarakhand-Haryana InterState Mail,Uttarakhand,Haryana,419
1888,Uttarakhand-Rajasthan InterState Passenger,Uttarakhand,Rajasthan,408
1889,West Bengal-Odisha InterState Express,West Bengal,Odisha,592
1890,West Bengal-Bihar InterState Superfast,West Bengal,Bihar,576
1891,West Bengal-Jharkhand InterState Mail,West Bengal,Jharkhand,563
1892,West Bengal-Assam InterState Passenger,West Bengal,Assam,548
1893,Brasat Local,Barasat,Shealda,299
